ticker,sirket_adi,float_amount_tl,float_pct,odenmis_sermaye_tl,shares_outstanding,float_shares,update_date
ACSEL,ACISELSAN ACIPAYAM SELÜLOZ SANAYİ VE TİCARET A.Ş.,5182670.1,0.4833,10723505.276225945,10723505.276225945,5182670.1,2026-05-10
ADEL,ADEL KALEMCİLİK TİCARET VE SANAYİ A.Ş.,71745764.91,0.0276,2599484235.869565,2599484235.869565,71745764.91,2026-05-10
ADESE,ADESE GAYRİMENKUL YATIRIM A.Ş.,4678845297.96,0.9283,5040229772.6597,5040229772.6597,4678845297.96,2026-05-10
ADGYO,ADRA GAYRİMENKUL YATIRIM ORTAKLIĞI A.Ş.,115086637.13,0.2108,545951789.0417458,545951789.0417458,115086637.13000001,2026-05-10
AFYON,AFYON ÇİMENTO SANAYİ T.A.Ş.,194284081.1,0.4857,400008402.51183856,400008402.51183856,194284081.1,2026-05-10
AGHOL,AG ANADOLU GRUBU HOLDİNG A.Ş.,923477761.73,0.3791,2435974048.3513584,2435974048.3513584,923477761.7299999,2026-05-10
AGESA,AGESA HAYAT VE EMEKLİLİK A.Ş.,35801241.91,0.1988,180086729.92957744,180086729.92957744,35801241.91,2026-05-10
AGROT,AGROTECH YÜKSEK TEKNOLOJİ VE YATIRIM A.Ş.,958568055.67,0.3994,2400020169.429144,2400020169.429144,958568055.6700001,2026-05-10
AAGYO,AĞAOĞLU AVRASYA GAYRİMENKUL YATIRIM ORTAKLIĞI A.Ş.,175963058.76,0.0251,7010480428.685258,7010480428.685258,175963058.76,2026-05-10
AHSGY,AHES GAYRİMENKUL YATIRIM ORTAKLIĞI A.Ş.,184650250.27,0.2559,721571904.142243,721571904.142243,184650250.27,2026-05-10
AHGAZ,AHLATCI DOĞAL GAZ DAĞITIM ENERJİ VE YATIRIM A.Ş.,475562376.15,0.1829,2600122340.8966646,2600122340.8966646,475562376.15,2026-05-10
AKBNK,AKBANK T.A.Ş.,2795936390.87,0.5376,5200774536.588542,5200774536.588542,2795936390.87,2026-05-10
AKCNS,AKÇANSA ÇİMENTO SANAYİ VE TİCARET A.Ş.,37944515.77,0.1981,191542230.03533572,191542230.03533572,37944515.77,2026-05-10
AKYHO,AKDENİZ YATIRIM HOLDİNG A.Ş.,192509820.65,0.7756,248207607.85198557,248207607.85198557,192509820.65,2026-05-10
AKENR,AKENERJİ ELEKTRİK ÜRETİM A.Ş.,184151430.06,0.2525,729312594.2970297,729312594.2970297,184151430.06,2026-05-10
AKFGY,AKFEN GAYRİMENKUL YATIRIM ORTAKLIĞI A.Ş.,1723588186.27,0.4419,3900403227.5854263,3900403227.5854263,1723588186.27,2026-05-10
AKFIS,AKFEN İNŞAAT TURİZM VE TİCARET A.Ş.,66831821.1,0.1049,637100296.4728314,637100296.4728314,66831821.10000001,2026-05-10
AKFYE,AKFEN YENİLENEBİLİR ENERJİ A.Ş.,340233870.2,0.2842,1197163512.315271,1197163512.315271,340233870.2,2026-05-10
AKHAN,AKHAN UN FABRİKASI VE TARIM ÜRÜNLERİ GIDA SANAYİ TİCARET A.Ş.,54688342.66,0.002,27344171329.999996,27344171329.999996,54688342.66,2026-05-10
ATEKS,AKIN TEKSTİL A.Ş.,5401516.54,0.2143,25205396.82687821,25205396.82687821,5401516.54,2026-05-10
AKSGY,AKİŞ GAYRİMENKUL YATIRIM ORTAKLIĞI A.Ş.,1299128224.74,0.5379,2415185396.430563,2415185396.430563,1299128224.74,2026-05-10
AKMGY,AKMERKEZ GAYRİMENKUL YATIRIM ORTAKLIĞI A.Ş.,3655339.86,0.0098,372993863.2653061,372993863.2653061,3655339.86,2026-05-10
AKSA,AKSA AKRİLİK KİMYA SANAYİİ A.Ş.,1223336841.38,0.3148,3886076370.3303685,3886076370.3303685,1223336841.38,2026-05-10
AKSEN,AKSA ENERJİ ÜRETİM A.Ş.,238541082.42,0.1945,1226432300.3598971,1226432300.3598971,238541082.42,2026-05-10
AKGRT,AKSİGORTA A.Ş.,451223427.22,0.2799,1612087985.780636,1612087985.780636,451223427.22,2026-05-10
AKSUE,AKSU ENERJİ VE TİCARET A.Ş.,55068028.12,0.8343,66005067.86527627,66005067.86527627,55068028.12,2026-05-10
ALCAR,ALARKO CARRIER SANAYİ VE TİCARET A.Ş.,1718498.54,0.1591,10801373.601508485,10801373.601508485,1718498.5399999998,2026-05-10
ALGYO,ALARKO GAYRİMENKUL YATIRIM ORTAKLIĞI A.Ş.,884944917.72,0.4362,2028759554.607978,2028759554.607978,884944917.72,2026-05-10
ALARK,ALARKO HOLDİNG A.Ş.,142989607.29,0.3429,417000896.15048116,417000896.15048116,142989607.29,2026-05-10
ALBRK,ALBARAKA TÜRK KATILIM BANKASI A.Ş.,1007174931.46,0.4028,2500434288.629593,2500434288.629593,1007174931.46,2026-05-10
ALCTL,ALCATEL LUCENT TELETAŞ TELEKOMÜNİKASYON A.Ş.,13534020.42,0.3497,38701802.74521018,38701802.74521018,13534020.42,2026-05-10
ALFAS,ALFA SOLAR ENERJİ SANAYİ VE TİCARET A.Ş.,84550291.49,0.2297,368090080.4962995,368090080.4962995,84550291.49,2026-05-10
ALKIM,ALKİM ALKALİ KİMYA A.Ş.,140542409.06,0.4684,300047841.7164816,300047841.7164816,140542409.06,2026-05-10
ALKA,ALKİM KAĞIT SANAYİ VE TİCARET A.Ş.,139007565.68,0.1891,735100823.2681122,735100823.2681122,139007565.68,2026-05-10
AYCES,ALTIN YUNUS ÇEŞME TURİSTİK TESİSLER A.Ş.,1878781.42,0.0751,25017062.849533953,25017062.849533953,1878781.42,2026-05-10
ALTNY,ALTINAY SAVUNMA TEKNOLOJİLERİ A.Ş.,399688276.86,0.3996,1000220913.063063,1000220913.063063,399688276.86,2026-05-10
ALKLC,ALTINKILIÇ GIDA VE SÜT SANAYİ TİCARET A.Ş.,45370644.58,0.0405,1120262829.1358025,1120262829.1358025,45370644.580000006,2026-05-10
ALVES,ALVES KABLO SANAYİ VE TİCARET A.Ş.,1359209715.86,0.8495,1600011437.1512654,1600011437.1512654,1359209715.86,2026-05-10
ANSGR,ANADOLU ANONİM TÜRK SİGORTA ŞİRKETİ,694746862.46,0.3473,2000422869.1621077,2000422869.1621077,694746862.46,2026-05-10
AEFES,ANADOLU EFES BİRACILIK VE MALT SANAYİİ A.Ş.,1945225493.1,0.3285,5921538791.780822,5921538791.780822,1945225493.1000001,2026-05-10
ANHYT,ANADOLU HAYAT EMEKLİLİK A.Ş.,64773665.51,0.1506,430104020.6507304,430104020.6507304,64773665.51,2026-05-10
ASUZU,ANADOLU ISUZU OTOMOTİV SANAYİ VE TİCARET A.Ş.,36465719.86,0.1447,252009121.3545266,252009121.3545266,36465719.86,2026-05-10
ANGEN,ANATOLİA TANI VE BİYOTEKNOLOJİ ÜRÜNLERİ ARAŞTIRMA GELİŞTİRME SANAYİ VE TİCARET A.Ş.,77844784.43,0.3538,220024828.80158284,220024828.80158284,77844784.43,2026-05-10
ANELE,ANEL ELEKTRİK PROJE TAAHHÜT VE TİCARET A.Ş.,100066530.93,0.3776,265006702.67478815,265006702.67478815,100066530.93,2026-05-10
ARCLK,ARÇELİK A.Ş.,118716810.68,0.1756,676063842.1412301,676063842.1412301,118716810.68,2026-05-10
ARDYZ,ARD GRUP BİLİŞİM TEKNOLOJİLERİ A.Ş.,127257472.87,0.3948,322334024.4934144,322334024.4934144,127257472.87,2026-05-10
ARENA,ARENA BİLGİSAYAR SANAYİ VE TİCARET A.Ş.,50595656.24,0.5059,100011180.54951571,100011180.54951571,50595656.24,2026-05-10
ARFYE,ARF BİO YENİLENEBİLİR ENERJİ ÜRETİM A.Ş.,46994321.87,0.0257,1828572835.4085603,1828572835.4085603,46994321.87,2026-05-10
ARMGD,ARMADA GIDA TİCARET SANAYİ A.Ş.,44688067.73,0.1692,264113875.47281325,264113875.47281325,44688067.73,2026-05-10
ARSAN,ARSAN HOLDİNG A.Ş.,624892957.99,0.3546,1762247484.4613647,1762247484.4613647,624892957.99,2026-05-10
ARTMS,ARTEMİS HALI A.Ş.,19830595.84,0.2832,70023290.39548023,70023290.39548023,19830595.840000004,2026-05-10
ARZUM,ARZUM ELEKTRİKLİ EV ALETLERİ SANAYİ VE TİCARET A.Ş.,399412176.54,0.6656,600078390.2343751,600078390.2343751,399412176.5400001,2026-05-10
ASGYO,ASCE GAYRİMENKUL YATIRIM ORTAKLIĞI A.Ş.,150876165.85,0.2289,659135717.9991262,659135717.9991262,150876165.85,2026-05-10
ASELS,ASELSAN ELEKTRONİK SANAYİ VE TİCARET A.Ş.,1175678610.44,0.2578,4560429055.236618,4560429055.236618,1175678610.44,2026-05-10
ASTOR,ASTOR ENERJİ A.Ş.,426429235.61,0.4272,998195776.2406367,998195776.2406367,426429235.61,2026-05-10
ATAGY,ATA GAYRİMENKUL YATIRIM ORTAKLIĞI A.Ş.,28227844.65,0.5942,47505628.828677215,47505628.828677215,28227844.65,2026-05-10
ATATR,ATA TURİZM İŞLETMECİLİK TAŞIMACILIK MADENCİLİK KUYUMCULUK SANAYİ VE DIŞ TİCARET A.Ş.,279756210.92,0.3484,802974198.966705,802974198.966705,279756210.92,2026-05-10
ATAKP,ATAKEY PATATES GIDA SANAYİ VE TİCARET A.Ş.,28218495.0,0.2033,138802238.07181504,138802238.07181504,28218495.0,2026-05-10
AGYO,ATAKULE GAYRİMENKUL YATIRIM ORTAKLIĞI A.Ş.,48209732.63,0.0183,2634411619.1256833,2634411619.1256833,48209732.63,2026-05-10
ATSYH,ATLANTİS YATIRIM HOLDİNG A.Ş.,7994715.36,0.9993,8000315.580906635,8000315.580906635,7994715.36,2026-05-10
ATLAS,ATLAS MENKUL KIYMETLER YATIRIM ORTAKLIĞI A.Ş.,59507394.38,0.9917,60005439.52808309,60005439.52808309,59507394.38,2026-05-10
ATATP,ATP YAZILIM VE TEKNOLOJİ A.Ş.,18233334.27,0.1944,93792871.75925927,93792871.75925927,18233334.27,2026-05-10
AVOD,A.V.O.D. KURUTULMUŞ GIDA VE TARIM ÜRÜNLERİ SANAYİ TİCARET A.Ş.,250447653.86,0.9275,270024424.6469003,270024424.6469003,250447653.86,2026-05-10
AVGYO,AVRASYA GAYRİMENKUL YATIRIM ORTAKLIĞI A.Ş.,58124963.91,0.5208,111607073.55990782,111607073.55990782,58124963.91,2026-05-10
AVTUR,AVRASYA PETROL VE TURİSTİK TESİSLER YATIRIMLAR A.Ş.,29250303.6,0.0065,4500046707.692308,4500046707.692308,29250303.600000005,2026-05-10
AVHOL,AVRUPA YATIRIM HOLDİNG A.Ş.,26575019.74,0.7134,37251219.147743195,37251219.147743195,26575019.74,2026-05-10
AVPGY,AVRUPAKENT GAYRİMENKUL YATIRIM ORTAKLIĞI A.Ş.,86859650.58,0.2171,400090513.956702,400090513.956702,86859650.58,2026-05-10
AYDEM,AYDEM YENİLENEBİLİR ENERJİ A.Ş.,129928078.67,0.1842,705364162.1606948,705364162.1606948,129928078.66999999,2026-05-10
AYEN,AYEN ENERJİ A.Ş.,46989373.07,0.1693,277550933.66804487,277550933.66804487,46989373.07,2026-05-10
AYES,AYES ÇELİK HASIR VE ÇİT SANAYİ A.Ş.,87449586.92,0.5829,150025024.7383771,150025024.7383771,87449586.92,2026-05-10
AYGAZ,AYGAZ A.Ş.,53117033.42,0.2416,219855270.7781457,219855270.7781457,53117033.42,2026-05-10
AZTEK,AZTEK TEKNOLOJİ ÜRÜNLERİ TİCARET A.Ş.,255313365.61,0.2553,1000052352.5656091,1000052352.5656091,255313365.61000004,2026-05-10
A1CAP,A1 CAPİTAL YATIRIM MENKUL DEĞERLER A.Ş.,233173836.59,0.3454,675083487.521714,675083487.521714,233173836.59,2026-05-10
A1YEN,A1 YENİLENEBİLİR ENERJİ ÜRETİM A.Ş.,41160752.93,0.2157,190824074.77978674,190824074.77978674,41160752.93,2026-05-10
BAGFS,BAGFAŞ BANDIRMA GÜBRE FABRİKALARI A.Ş.,55108843.04,0.6123,90003010.02776417,90003010.02776417,55108843.04,2026-05-10
BAGFS,BAGFAŞ BANDIRMA GÜBRE FABRİKALARI A.Ş.,82582744.59,0.6117,135005304.2177538,135005304.2177538,82582744.59,2026-05-10
BAHKM,BAHADIR KİMYA SANAYİ VE TİCARET A.Ş.,22088015.64,0.4016,55000038.944223106,55000038.944223106,22088015.64,2026-05-10
BAKAB,BAK AMBALAJ SANAYİ VE TİCARET A.Ş.,12606929.95,0.0175,720395997.1428571,720395997.1428571,12606929.95,2026-05-10
BALAT,BALATACILAR BALATACILIK SANAYİ VE TİCARET A.Ş.,13431083.52,0.9677,13879387.74413558,13879387.74413558,13431083.52,2026-05-10
BALSU,BALSU GIDA SANAYİ VE TİCARET A.Ş.,277944477.13,0.2499,1112222797.6390555,1112222797.6390555,277944477.13,2026-05-10
BNTAS,BANTAŞ BANDIRMA AMBALAJ SANAYİ VE TİCARET A.Ş.,142153584.97,0.5877,241881206.34677556,241881206.34677556,142153584.97,2026-05-10
BANVT,BANVİT BANDIRMA VİTAMİNLİ YEM SANAYİ A.Ş.,8292303.54,0.0829,100027786.97225572,100027786.97225572,8292303.539999999,2026-05-10
BARMA,BAREM AMBALAJ SANAYİ VE TİCARET A.Ş.,68108530.51,0.2594,262561798.41942945,262561798.41942945,68108530.51,2026-05-10
BASGZ,BAŞKENT DOĞALGAZ DAĞITIM GAYRİMENKUL YATIRIM ORTAKLIĞI A.Ş.,106980978.66,0.1528,700137294.895288,700137294.895288,106980978.66,2026-05-10
BASCM,BAŞTAŞ BAŞKENT ÇİMENTO SANAYİ VE TİCARET A.Ş.,16990994.03,0.0743,228680942.53028265,228680942.53028265,16990994.03,2026-05-10
BASCM,BAŞTAŞ BAŞKENT ÇİMENTO SANAYİ VE TİCARET A.Ş.,21571095.2,0.0719,300015232.2670375,300015232.2670375,21571095.2,2026-05-10
BASCM,BAŞTAŞ BAŞKENT ÇİMENTO SANAYİ VE TİCARET A.Ş.,49179364.14,0.0745,660125693.1543624,660125693.1543624,49179364.14,2026-05-10
BEGYO,BATI EGE GAYRİMENKUL YATIRIM ORTAKLIĞI A.Ş.,284180451.11,0.3486,815204965.89214,815204965.89214,284180451.11,2026-05-10
BTCIM,BATIÇİM BATI ANADOLU ÇİMENTO SANAYİİ A.Ş.,3586955011.96,0.6428,5580203814.499066,5580203814.499066,3586955011.96,2026-05-10
BSOKE,BATISÖKE SÖKE ÇİMENTO SANAYİİ T.A.Ş.,405227883.0,0.2532,1600426078.1990523,1600426078.1990523,405227883.0,2026-05-10
BYDNR,BAYDÖNER RESTORANLARI A.Ş.,17924019.24,0.2133,84031970.18284106,84031970.18284106,17924019.24,2026-05-10
BAYRK,BAYRAK EBT TABAN SANAYİ VE TİCARET A.Ş.,189449602.08,0.7577,250032469.42061502,250032469.42061502,189449602.08,2026-05-10
BERA,BERA HOLDİNG A.Ş.,467513455.19,0.6842,683299408.345513,683299408.345513,467513455.19,2026-05-10
BRKSN,BERKOSAN YALITIM VE TECRİT MADDELERİ ÜRETİM VE TİCARET A.Ş.,62309693.85,0.6657,93600261.15367283,93600261.15367283,62309693.85,2026-05-10
BESLR,BESLER GIDA VE KİMYA SANAYİ VE TİCARET A.Ş.,185388131.66,0.0028,66210047021.42857,66210047021.42857,185388131.66,2026-05-10
BESTE,BEST BRANDS GRUP ENERJİ YATIRIM A.Ş.,54565806.94,0.2899,188222859.39979303,188222859.39979303,54565806.94,2026-05-10
BJKAS,BEŞİKTAŞ FUTBOL YATIRIMLARI SANAYİ VE TİCARET A.Ş.,1335318218.1,0.3059,4365211566.198104,4365211566.198104,1335318218.1,2026-05-10
BEYAZ,BEYAZ FİLO OTO KİRALAMA A.Ş.,24468251.31,0.2454,99707625.55012225,99707625.55012225,24468251.31,2026-05-10
BIENY,BİEN YAPI ÜRÜNLERİ SANAYİ TURİZM VE TİCARET A.Ş.,83024148.96,0.2299,361131574.4236624,361131574.4236624,83024148.96,2026-05-10
BIGTK,BİG MEDYA TEKNOLOJİ A.Ş.,7379205.62,0.2182,33818540.879926674,33818540.879926674,7379205.62,2026-05-10
BLCYT,BİLİCİ YATIRIM SANAYİ VE TİCARET A.Ş.,49075546.92,0.4907,100011304.09618911,100011304.09618911,49075546.92,2026-05-10
BIMAS,BİM BİRLEŞİK MAĞAZALAR A.Ş.,410914582.31,0.6848,600050499.8685749,600050499.8685749,410914582.31000006,2026-05-10
BINBN,BİN ULAŞIM VE AKILLI ŞEHİR TEKNOLOJİLERİ A.Ş.,16938093.78,0.1512,112024429.76190478,112024429.76190478,16938093.78,2026-05-10
BIOEN,BİOTREND ÇEVRE VE ENERJİ YATIRIMLARI A.Ş.,197822045.82,0.3956,500055727.5530839,500055727.5530839,197822045.82,2026-05-10
BRKVY,BİRİKİM VARLIK YÖNETİM A.Ş.,13571951.22,0.2423,56013005.447792,56013005.447792,13571951.22,2026-05-10
BRKO,BİRKO BİRLEŞİK KOYUNLULULAR MENSUCAT TİCARET VE SANAYİ A.Ş.,116225235.22,0.8301,140013534.77894232,140013534.77894232,116225235.22000001,2026-05-10
BIGEN,BİRLEŞİM GRUP ENERJİ YATIRIMLARI A.Ş.,115481748.87,0.2001,577120184.257871,577120184.257871,115481748.86999999,2026-05-10
BRLSM,BİRLEŞİM MÜHENDİSLİK ISITMA SOĞUTMA HAVALANDIRMA SANAYİ VE TİCARET A.Ş.,107871610.15,0.4815,224032419.83385256,224032419.83385256,107871610.15,2026-05-10
BRMEN,BİRLİK MENSUCAT TİCARET VE SANAYİ İŞLETMESİ A.Ş.,57175720.96,0.6405,89267323.90320063,89267323.90320063,57175720.96,2026-05-10
BIZIM,BİZİM TOPTAN SATIŞ MAĞAZALARI A.Ş.,26362159.89,0.3275,80495144.70229007,80495144.70229007,26362159.89,2026-05-10
BLUME,BLUME METAL KİMYA A.Ş.,132658503.36,0.7593,174711580.87712368,174711580.87712368,132658503.36000001,2026-05-10
BMSTL,BMS BİRLEŞİK METAL SANAYİ VE TİCARET A.Ş.,74735517.62,0.4982,150011075.11039746,150011075.11039746,74735517.62,2026-05-10
BMSCH,BMS ÇELİK HASIR SANAYİ VE TİCARET A.Ş.,63063047.62,0.6306,100004832.88931176,100004832.88931176,63063047.620000005,2026-05-10
BOBET,BOĞAZİÇİ BETON SANAYİ VE TİCARET A.Ş.,113978039.67,0.2999,380053483.39446485,380053483.39446485,113978039.67,2026-05-10
BORSK,BOR ŞEKER A.Ş.,279855999.04,0.2915,960054885.2144084,960054885.2144084,279855999.04,2026-05-10
BORLS,BORLEASE OTOMOTİV A.Ş.,308424051.29,0.4406,700009194.93872,700009194.93872,308424051.29,2026-05-10
BRSAN,BORUSAN BİRLEŞİK BORU FABRİKALARI SANAYİ VE TİCARET A.Ş.,22494413.81,0.1586,141831108.51197982,141831108.51197982,22494413.81,2026-05-10
BRYAT,BORUSAN YATIRIM VE PAZARLAMA A.Ş.,4317242.84,0.1535,28125360.52117264,28125360.52117264,4317242.84,2026-05-10
BFREN,BOSCH FREN SİSTEMLERİ SANAYİ VE TİCARET A.Ş.,18928535.94,0.1544,122594144.68911918,122594144.68911918,18928535.94,2026-05-10
BOSSA,BOSSA TİCARET VE SANAYİ İŞLETMELERİ T.A.Ş.,158226995.55,0.1217,1300139651.1914544,1300139651.1914544,158226995.55,2026-05-10
BRISA,BRİSA BRİDGESTONE SABANCI LASTİK SANAYİ VE TİCARET A.Ş.,31189342.4,0.1022,305179475.53816044,305179475.53816044,31189342.4,2026-05-10
BULGS,BULLS GİRİŞİM SERMAYESİ YATIRIM ORTAKLIĞI A.Ş.,72485787.75,0.2704,268068741.67899412,268068741.67899412,72485787.75,2026-05-10
BURCE,BURÇELİK BURSA ÇELİK DÖKÜM SANAYİİ A.Ş.,44360826.91,0.5266,84240081.4849981,84240081.4849981,44360826.91,2026-05-10
BURVA,BURÇELİK VANA SANAYİ VE TİCARET A.Ş.,3339529.12,0.4545,7347698.833883388,7347698.833883388,3339529.12,2026-05-10
BUCIM,BURSA ÇİMENTO FABRİKASI A.Ş.,545582979.66,0.3637,1500090678.1963155,1500090678.1963155,545582979.66,2026-05-10
BVSAN,BÜLBÜLOĞLU VİNÇ SANAYİ VE TİCARET A.Ş.,13742407.45,0.3654,37609215.790914066,37609215.790914066,13742407.45,2026-05-10
BIGCH,BÜYÜK ŞEFLER GIDA TURİZM TEKSTİL DANIŞMANLIK ORGANİZASYON EĞİTİM SANAYİ VE TİCARET A.Ş.,232033832.88,0.4337,535009990.5003459,535009990.5003459,232033832.88,2026-05-10
CRFSA,CARREFOURSA CARREFOUR SABANCI TİCARET MERKEZİ A.Ş.,13658597.81,0.1068,127889492.60299625,127889492.60299625,13658597.81,2026-05-10
CASA,CASA EMTİA PETROL KİMYEVİ VE TÜREVLERİ SANAYİ VE TİCARET A.Ş.,4748411.23,0.0969,49003211.86790506,49003211.86790506,4748411.23,2026-05-10
CEMZY,CEM ZEYTİN A.Ş.,691982438.11,0.3008,2300473530.950798,2300473530.950798,691982438.1100001,2026-05-10
CEOEM,CEO EVENT MEDYA A.Ş.,22200783.15,0.5045,44005516.65014866,44005516.65014866,22200783.15,2026-05-10
CCOLA,COCA-COLA İÇECEK A.Ş.,821373430.59,0.2935,2798546611.890971,2798546611.890971,821373430.59,2026-05-10
CONSE,CONSUS ENERJİ İŞLETMECİLİĞİ VE HİZMETLERİ A.Ş.,376788024.39,0.4887,771000663.781461,771000663.781461,376788024.39,2026-05-10
COSMO,COSMOS YATIRIM HOLDİNG A.Ş.,4536065.21,0.6557,6917897.2243404,6917897.2243404,4536065.21,2026-05-10
CRDFA,CREDITWEST FAKTORİNG A.Ş.,156498577.4,0.5216,300035616.18098164,300035616.18098164,156498577.4,2026-05-10
CVKMD,CVK MADEN İŞLETMELERİ SANAYİ VE TİCARET A.Ş.,419310401.47,0.2995,1400034729.449082,1400034729.449082,419310401.47,2026-05-10
CWENE,CW ENERJİ MÜHENDİSLİK TİCARET VE SANAYİ A.Ş.,384592344.51,0.3566,1078497881.4077399,1078497881.4077399,384592344.51,2026-05-10
CGCAM,ÇAĞDAŞ CAM SANAYİ VE TİCARET A.Ş.,41871056.76,0.2492,168021897.1107544,168021897.1107544,41871056.76,2026-05-10
CANTE,ÇAN2 TERMİK A.Ş.,7056391782.54,0.7056,10000555247.363945,10000555247.363945,7056391782.54,2026-05-10
CATES,ÇATES ELEKTRİK ÜRETİM A.Ş.,33030789.0,0.1999,165236563.28164083,165236563.28164083,33030789.0,2026-05-10
CLEBI,ÇELEBİ HAVA SERVİSİ A.Ş.,2442213.39,0.1005,24300630.746268656,24300630.746268656,2442213.39,2026-05-10
CELHA,ÇELİK HALAT VE TEL SANAYİİ A.Ş.,74241464.34,0.1925,385669944.6233766,385669944.6233766,74241464.34,2026-05-10
CEMAS,ÇEMAŞ DÖKÜM SANAYİ A.Ş.,679163650.24,0.8586,791012870.0675519,791012870.0675519,679163650.24,2026-05-10
CEMTS,ÇEMTAŞ ÇELİK MAKİNA SANAYİ VE TİCARET A.Ş.,194112929.1,0.3882,500033305.2550232,500033305.2550232,194112929.1,2026-05-10
CMBTN,ÇİMBETON HAZIRBETON VE PREFABRİK YAPI ELEMANLARI SANAYİ VE TİCARET A.Ş.,876312.95,0.0495,17703291.91919192,17703291.91919192,876312.9500000001,2026-05-10
CMENT,ÇİMENTAŞ İZMİR ÇİMENTO FABRİKASI T.A.Ş.,2360215.16,0.0027,874153762.962963,874153762.962963,2360215.16,2026-05-10
CIMSA,ÇİMSA ÇİMENTO SANAYİ VE TİCARET A.Ş.,426249716.19,0.4507,945750424.2067895,945750424.2067895,426249716.19,2026-05-10
CUSAN,ÇUHADAROĞLU METAL SANAYİ VE PAZARLAMA A.Ş.,18407494.37,0.2583,71264012.27255131,71264012.27255131,18407494.37,2026-05-10
DAGI,DAGİ GİYİM SANAYİ VE TİCARET A.Ş.,175269825.42,0.4381,400068079.02305406,400068079.02305406,175269825.42,2026-05-10
DAPGM,DAP GAYRİMENKUL GELİŞTİRME A.Ş.,759375342.86,0.2865,2650524756.9284472,2650524756.9284472,759375342.8600001,2026-05-10
DARDL,DARDANEL ÖNENTAŞ GIDA SANAYİ A.Ş.,735471151.05,0.3137,2344504784.9856553,2344504784.9856553,735471151.0500001,2026-05-10
DGATE,DATAGATE BİLGİSAYAR MALZEMELERİ TİCARET A.Ş.,12223877.46,0.4074,30004608.394698087,30004608.394698087,12223877.46,2026-05-10
DCTTR,DCT TRADİNG DIŞ TİCARET A.Ş.,157144662.62,0.4029,390033910.69744354,390033910.69744354,157144662.62,2026-05-10
DMSAS,DEMİSAŞ DÖKÜM EMAYE MAMÜLLERİ SANAYİ A.Ş.,105184956.41,0.5259,200009424.6244533,200009424.6244533,105184956.41,2026-05-10
DENGE,DENGE YATIRIM HOLDİNG A.Ş.,523373291.17,0.8722,600061099.7133685,600061099.7133685,523373291.17,2026-05-10
DZGYO,DENİZ GAYRİMENKUL YATIRIM ORTAKLIĞI A.Ş.,112192891.1,0.2804,400117300.6419401,400117300.6419401,112192891.10000001,2026-05-10
DERIM,DERİMOD KONFEKSİYON AYAKKABI DERİ SANAYİ VE TİCARET A.Ş.,14575190.76,0.2699,54002188.81067062,54002188.81067062,14575190.76,2026-05-10
DERHL,DERLÜKS YATIRIM HOLDİNG A.Ş.,118184798.74,0.0599,1973035037.3956592,1973035037.3956592,118184798.74,2026-05-10
DESA,DESA DERİ SANAYİ VE TİCARET A.Ş.,88020634.55,0.1796,490092619.9888641,490092619.9888641,88020634.55,2026-05-10
DESPC,DESPEC BİLGİSAYAR PAZARLAMA VE TİCARET A.Ş.,11696855.37,0.5085,23002665.427728616,23002665.427728616,11696855.37,2026-05-10
DSTKF,DESTEK FİNANS FAKTORİNG A.Ş.,84532964.13,0.2535,333463369.3491124,333463369.3491124,84532964.13,2026-05-10
DEVA,DEVA HOLDİNG A.Ş.,35464628.1,0.1773,200026103.21489,200026103.21489,35464628.1,2026-05-10
DNISI,DİNAMİK ISI MAKİNA YALITIM MALZEMELERİ SANAYİ VE TİCARET A.Ş.,53052484.01,0.4431,119730273.09862334,119730273.09862334,53052484.01,2026-05-10
DIRIT,DİRİTEKS DİRİLİŞ TEKSTİL SANAYİ VE TİCARET A.Ş.,10089679.43,0.9473,10650986.41401879,10650986.41401879,10089679.43,2026-05-10
DITAS,DİTAŞ BDY YEDEK PARÇA İMALAT VE TEKNİK A.Ş.,55380326.54,0.3257,170034775.990175,170034775.990175,55380326.54,2026-05-10
DMRGD,DMR UNLU MAMULLER ÜRETİM GIDA TOPTAN PERAKENDE İHRACAT A.Ş.,725648215.27,0.4895,1482427406.0674157,1482427406.0674157,725648215.27,2026-05-10
DOCO,DO & CO AKTIENGESELLSCHAFT,254386.0,0.7536,337561.04033970274,337561.04033970274,254386.0,2026-05-10
DOFRB,DOF ROBOTİK SANAYİ A.Ş.,44982037.68,0.2902,155003575.74086836,155003575.74086836,44982037.68,2026-05-10
DOFER,DOFER YAPI MALZEMELERİ SANAYİ VE TİCARET A.Ş.,18605158.19,0.3337,55754145.010488465,55754145.010488465,18605158.19,2026-05-10
DOHOL,DOĞAN ŞİRKETLER GRUBU HOLDİNG A.Ş.,933088491.52,0.3565,2617359022.496494,2617359022.496494,933088491.52,2026-05-10
DGNMO,DOĞANLAR MOBİLYA GRUBU İMALAT SANAYİ VE TİCARET A.Ş.,175145551.35,0.5004,350011093.8249401,350011093.8249401,175145551.35,2026-05-10
ARASE,DOĞU ARAS ENERJİ YATIRIMLARI A.Ş.,43668613.24,0.1746,250106605.04009163,250106605.04009163,43668613.24,2026-05-10
DOGUB,DOĞUSAN BORU SANAYİ VE TİCARET A.Ş.,17102011.92,0.4385,39001167.434435576,39001167.434435576,17102011.92,2026-05-10
DGGYO,DOĞUŞ GAYRİMENKUL YATIRIM ORTAKLIĞI A.Ş.,18464237.89,0.0556,332090609.53237414,332090609.53237414,18464237.89,2026-05-10
DOAS,DOĞUŞ OTOMOTİV SERVİS VE TİCARET A.Ş.,86819207.67,0.3946,220018265.76279777,220018265.76279777,86819207.67,2026-05-10
DOKTA,DÖKTAŞ DÖKÜMCÜLÜK TİCARET VE SANAYİ A.Ş.,32013782.04,0.0988,324026134.0080972,324026134.0080972,32013782.04,2026-05-10
DURDO,DURAN DOĞAN BASIM VE AMBALAJ SANAYİ A.Ş.,167144807.3,0.3342,500134073.3093956,500134073.3093956,167144807.3,2026-05-10
DURKN,DURUKAN ŞEKERLEME SANAYİ VE TİCARET A.Ş.,42427523.64,0.3202,132503196.87695192,132503196.87695192,42427523.64,2026-05-10
DUNYH,DÜNYA HOLDİNG A.Ş.,21548245.88,0.5866,36734138.90214797,36734138.90214797,21548245.88,2026-05-10
DYOBY,DYO BOYA FABRİKALARI SANAYİ VE TİCARET A.Ş.,75786422.82,0.2526,300025426.84085506,300025426.84085506,75786422.82,2026-05-10
EBEBK,EBEBEK MAĞAZACILIK A.Ş.,36478339.49,0.2279,160062920.0965336,160062920.0965336,36478339.49,2026-05-10
ECOGR,ECOGREEN ENERJİ HOLDİNG A.Ş.,109864200.09,0.2034,540138643.5103245,540138643.5103245,109864200.09,2026-05-10
ECZYT,ECZACIBAŞI YATIRIM HOLDİNG ORTAKLIĞI A.Ş.,19260824.24,0.1834,105020851.90839693,105020851.90839693,19260824.24,2026-05-10
EDATA,E-DATA TEKNOLOJİ PAZARLAMA A.Ş.,145259992.18,0.3611,402270817.44669074,402270817.44669074,145259992.18,2026-05-10
EDIP,EDİP GAYRİMENKUL YATIRIM SANAYİ VE TİCARET A.Ş.,31101323.67,0.4784,65011128.07274248,65011128.07274248,31101323.67,2026-05-10
EFOR,EFOR YATIRIM SANAYİ TİCARET A.Ş.,670597503.19,0.3078,2178679347.5958414,2178679347.5958414,670597503.19,2026-05-10
EGEEN,EGE ENDÜSTRİ VE TİCARET A.Ş.,1128029.76,0.3581,3150041.2175370012,3150041.2175370012,1128029.76,2026-05-10
EGGUB,EGE GÜBRE SANAYİİ A.Ş.,45469219.12,0.4546,100020279.63044433,100020279.63044433,45469219.12,2026-05-10
EGPRO,EGE PROFİL TİCARET VE SANAYİ A.Ş.,71512628.01,0.1312,545065762.2713414,545065762.2713414,71512628.01,2026-05-10
EGSER,EGE SERAMİK SANAYİ VE TİCARET A.Ş.,247179644.75,0.3433,720010616.8074571,720010616.8074571,247179644.75,2026-05-10
EPLAS,EGEPLAST EGE PLASTİK TİCARET VE SANAYİ A.Ş.,136555228.13,0.7163,190639715.38461536,190639715.38461536,136555228.13,2026-05-10
EGEGY,EGEYAPI AVRUPA GAYRİMENKUL YATIRIM ORTAKLIĞI A.Ş.,69128972.76,0.3456,200025962.84722224,200025962.84722224,69128972.76,2026-05-10
ECILC,EİS ECZACIBAŞI İLAÇ SINAİ VE FİNANSAL YATIRIMLAR SANAYİ VE TİCARET A.Ş.,150892489.59,0.2201,685563332.9850068,685563332.9850068,150892489.59,2026-05-10
EKIZ,EKİZ KİMYA SANAYİ VE TİCARET A.Ş.,5817610.98,0.6265,9285891.428571431,9285891.428571431,5817610.980000001,2026-05-10
EKOS,EKOS TEKNOLOJİ VE ELEKTRİK A.Ş.,306844488.85,0.2739,1120279258.3059514,1120279258.3059514,306844488.85,2026-05-10
EKSUN,EKSUN GIDA TARIM SANAYİ VE TİCARET A.Ş.,163498943.22,0.2724,600216384.8017622,600216384.8017622,163498943.22000003,2026-05-10
ELITE,ELİTE NATUREL ORGANİK GIDA SANAYİ VE TİCARET A.Ş.,40561734.45,0.3129,129631621.7641419,129631621.7641419,40561734.45,2026-05-10
EMKEL,EMEK ELEKTRİK ENDÜSTRİSİ A.Ş.,116807496.03,0.7787,150003205.38076282,150003205.38076282,116807496.03,2026-05-10
EMNIS,EMİNİŞ AMBALAJ SANAYİ VE TİCARET A.Ş.,2109753.77,0.3402,6201510.199882423,6201510.199882423,2109753.77,2026-05-10
EKGYO,EMLAK KONUT GAYRİMENKUL YATIRIM ORTAKLIĞI A.Ş.,1837169367.6,0.4834,3800515861.812164,3800515861.812164,1837169367.6,2026-05-10
EMPAE,EMPA ELEKTRONİK SANAYİ VE TİCARET A.Ş.,37993048.14,0.2234,170067359.62399286,170067359.62399286,37993048.14,2026-05-10
ENDAE,ENDA ENERJİ HOLDİNG A.Ş.,122230576.94,0.2795,437318701.037567,437318701.037567,122230576.94,2026-05-10
ENJSA,ENERJİSA ENERJİ A.Ş.,236089279.77,0.1998,1181628026.8768768,1181628026.8768768,236089279.77,2026-05-10
ENERY,ENERYA ENERJİ A.Ş.,2029404577.07,0.2254,9003569552.218279,9003569552.218279,2029404577.07,2026-05-10
ENKAI,ENKA İNŞAAT VE SANAYİ A.Ş.,495684183.55,0.0826,6001019171.307506,6001019171.307506,495684183.55,2026-05-10
ENPRA,ENPARA BANK A.Ş.,15221919.71,0.0012,12684933091.666668,12684933091.666668,15221919.71,2026-05-10
ENSRI,ENSARİ SINAİ YATIRIMLAR A.Ş.,134704363.91,0.2467,546024985.4479125,546024985.4479125,134704363.91,2026-05-10
ERBOS,ERBOSAN ERCİYAS BORU SANAYİ VE TİCARET A.Ş.,11619535.89,0.5809,20002643.983473923,20002643.983473923,11619535.89,2026-05-10
ERCB,ERCİYAS ÇELİK BORU SANAYİ A.Ş.,35541725.95,0.0457,777718292.1225384,777718292.1225384,35541725.95,2026-05-10
EREGL,EREĞLİ DEMİR VE ÇELİK FABRİKALARI T.A.Ş.,3311834219.17,0.4731,7000283701.479603,7000283701.479603,3311834219.17,2026-05-10
KIMMR,ERSAN ALIŞVERİŞ HİZMETLERİ VE GIDA SANAYİ TİCARET A.Ş.,64982218.71,0.2707,240052525.71111932,240052525.71111932,64982218.71,2026-05-10
ERSU,ERSU MEYVE VE GIDA SANAYİ A.Ş.,23548814.13,0.6541,36001856.18406971,36001856.18406971,23548814.129999995,2026-05-10
ESCAR,ESCAR FİLO KİRALAMA HİZMETLERİ A.Ş.,101927003.11,0.2038,500132498.08635914,500132498.08635914,101927003.11,2026-05-10
ESCOM,ESCORT TEKNOLOJİ YATIRIM A.Ş.,465612551.28,0.6605,704939517.4564724,704939517.4564724,465612551.28000003,2026-05-10
ESEN,ESENBOĞA ELEKTRİK ÜRETİM A.Ş.,818443935.67,0.4496,1820382419.1948397,1820382419.1948397,818443935.67,2026-05-10
ETILR,ETİLER GIDA VE TİCARİ YATIRIMLAR SANAYİ VE TİCARET A.Ş.,148970149.27,0.6207,240003462.65506688,240003462.65506688,148970149.27,2026-05-10
EUKYO,EURO KAPİTAL YATIRIM ORTAKLIĞI A.Ş.,59659500.4,0.9943,60001509.00130745,60001509.00130745,59659500.4,2026-05-10
EUYO,EURO MENKUL KIYMET YATIRIM ORTAKLIĞI A.Ş.,58626184.42,0.9771,60000188.7421963,60000188.7421963,58626184.42,2026-05-10
ETYAT,EURO TREND YATIRIM ORTAKLIĞI A.Ş.,52141684.53,0.0869,600019384.6950518,600019384.6950518,52141684.53,2026-05-10
EUHOL,EURO YATIRIM HOLDİNG A.Ş.,132662758.86,0.8844,150003119.4708277,150003119.4708277,132662758.86000001,2026-05-10
TEZOL,EUROPAP TEZOL KAĞIT SANAYİ VE TİCARET A.Ş.,124821853.51,0.2496,500087554.1266026,500087554.1266026,124821853.51,2026-05-10
EUREN,EUROPEN ENDÜSTRİ İNŞAAT SANAYİ VE TİCARET A.Ş.,1038917122.4,0.4947,2100095254.4976754,2100095254.4976754,1038917122.4,2026-05-10
EUPWR,EUROPOWER ENERJİ VE OTOMASYON TEKNOLOJİLERİ SANAYİ TİCARET A.Ş.,199391742.13,0.3021,660019007.3816618,660019007.3816618,199391742.13,2026-05-10
EYGYO,EYG GAYRİMENKUL YATIRIM ORTAKLIĞI A.Ş.,248396078.75,0.3548,700101687.5704622,700101687.5704622,248396078.75,2026-05-10
FADE,FADE GIDA YATIRIM SANAYİ TİCARET A.Ş.,41708130.72,0.4971,83902898.24984913,83902898.24984913,41708130.72,2026-05-10
FMIZP,FEDERAL MOGUL İZMİT PİSTON VE PİM ÜRETİM TESİSLERİ A.Ş.,3164298.42,0.2216,14279325.0,14279325.0,3164298.42,2026-05-10
FENER,FENERBAHÇE FUTBOL A.Ş.,2351314835.46,0.3762,6250172343.0622015,6250172343.0622015,2351314835.46,2026-05-10
FLAP,FLAP KONGRE TOPLANTI HİZMETLERİ OTOMOTİV VE TURİZM A.Ş.,69845009.09,0.0745,937516900.5369128,937516900.5369128,69845009.09,2026-05-10
FONET,FONET BİLGİ TEKNOLOJİLERİ A.Ş.,576684798.54,0.6161,936024668.9498458,936024668.9498458,576684798.54,2026-05-10
FROTO,FORD OTOMOTİV SANAYİ A.Ş.,622569556.15,0.1774,3509411252.2547913,3509411252.2547913,622569556.15,2026-05-10
FORMT,FORMET METAL VE CAM SANAYİ A.Ş.,1028199946.88,0.9014,1140670009.8513424,1140670009.8513424,1028199946.88,2026-05-10
FRMPL,FORMÜL PLASTİK VE METAL SANAYİ A.Ş.,39991439.39,0.2499,160029769.46778712,160029769.46778712,39991439.39,2026-05-10
FORTE,FORTE BİLGİ İLETİŞİM TEKNOLOJİLERİ VE SAVUNMA SANAYİ A.Ş.,23216654.6,0.3465,67003332.17893219,67003332.17893219,23216654.6,2026-05-10
FRIGO,FRİGO-PAK GIDA MADDELERİ SANAYİ VE TİCARET A.Ş.,253112452.77,0.8603,294214172.69557136,294214172.69557136,253112452.77000004,2026-05-10
FZLGY,FUZUL GAYRİMENKUL YATIRIM ORTAKLIĞI A.Ş.,398346194.55,0.3186,1250301928.9077213,1250301928.9077213,398346194.55,2026-05-10
GWIND,GALATA WIND ENERJİ A.Ş.,161597297.19,0.2992,540097918.4157753,540097918.4157753,161597297.18999997,2026-05-10
GSRAY,GALATASARAY SPORTİF SINAİ VE TİCARİ YATIRIMLAR A.Ş.,5393952383.47,0.3995,13501758156.370462,13501758156.370462,5393952383.47,2026-05-10
GARFA,GARANTİ FAKTORİNG A.Ş.,33266743.64,0.0836,397927555.50239235,397927555.50239235,33266743.639999997,2026-05-10
GRNYO,GARANTİ YATIRIM ORTAKLIĞI A.Ş.,36067903.94,0.9618,37500419.98336452,37500419.98336452,36067903.94,2026-05-10
GATEG,GATE GROUP TEKNOLOJİ MEDYA VE SİBER GÜVENLİK HİZMETLERİ A.Ş.,8038910.92,0.7101,11320815.26545557,11320815.26545557,8038910.92,2026-05-10
GEDIK,GEDİK YATIRIM MENKUL DEĞERLER A.Ş.,270991063.58,0.1354,2001411104.7267356,2001411104.7267356,270991063.58,2026-05-10
GEDZA,GEDİZ AMBALAJ SANAYİ VE TİCARET A.Ş.,24708681.43,0.5295,46664176.449480645,46664176.449480645,24708681.43,2026-05-10
GLCVY,GELECEK VARLIK YÖNETİMİ A.Ş.,26358642.29,0.1886,139759503.1283139,139759503.1283139,26358642.29,2026-05-10
GENIL,GEN İLAÇ VE SAĞLIK ÜRÜNLERİ SANAYİ VE TİCARET A.Ş.,1128467708.47,0.2507,4501267285.480655,4501267285.480655,1128467708.47,2026-05-10
GENTS,GENTAŞ DEKORATİF YÜZEYLER SANAYİ VE TİCARET A.Ş.,409858459.87,0.5464,750106990.977306,750106990.977306,409858459.87,2026-05-10
GENKM,GENTAŞ KİMYA SANAYİ VE TİCARET PAZARLAMA A.Ş.,123801248.53,0.2032,609258112.8444883,609258112.8444883,123801248.53000002,2026-05-10
GEREL,GERSAN ELEKTRİK TİCARET VE SANAYİ A.Ş.,194198343.62,0.5213,372527035.52656823,372527035.52656823,194198343.62,2026-05-10
GZNMI,GEZİNOMİ SEYAHAT TURİZM TİCARET A.Ş.,40943625.97,0.6299,65000199.98412446,65000199.98412446,40943625.97,2026-05-10
GIPTA,GIPTA OFİS KIRTASİYE VE PROMOSYON ÜRÜNLERİ İMALAT SANAYİ A.Ş.,51584051.8,0.3907,132029822.88200665,132029822.88200665,51584051.8,2026-05-10
GMTAS,GİMAT MAĞAZACILIK SANAYİ VE TİCARET A.Ş.,263261466.91,0.8775,300013067.7037037,300013067.7037037,263261466.91,2026-05-10
GESAN,GİRİŞİM ELEKTRİK SANAYİ TAAHHÜT VE TİCARET A.Ş.,141689147.86,0.0308,4600297008.441559,4600297008.441559,141689147.86,2026-05-10
GLBMD,GLOBAL MENKUL DEĞERLER A.Ş.,28625386.03,0.2425,118042828.98969074,118042828.98969074,28625386.03,2026-05-10
GLYHO,GLOBAL YATIRIM HOLDİNG A.Ş.,1200067571.27,0.6154,1950061051.7874556,1950061051.7874556,1200067571.27,2026-05-10
GOODY,GOODYEAR LASTİKLERİ T.A.Ş.,68004812.91,0.2518,270074713.7013502,270074713.7013502,68004812.91,2026-05-10
GOKNR,GÖKNUR GIDA MADDELERİ ENERJİ İMALAT İTHALAT İHRACAT TİCARET VE SANAYİ A.Ş.,185065177.12,0.5287,350038163.6466806,350038163.6466806,185065177.12,2026-05-10
GOLTS,GÖLTAŞ GÖLLER BÖLGESİ ÇİMENTO SANAYİ VE TİCARET A.Ş.,12275602.47,0.6819,18002056.7091949,18002056.7091949,12275602.47,2026-05-10
GOZDE,GÖZDE GİRİŞİM SERMAYESİ YATIRIM ORTAKLIĞI A.Ş.,117043402.8,0.0304,3850111934.210526,3850111934.210526,117043402.8,2026-05-10
GRTHO,GRAINTURK HOLDİNG A.Ş.,36240905.35,0.2899,125011746.6367713,125011746.6367713,36240905.35,2026-05-10
GSDDE,GSD DENİZCİLİK GAYRİMENKUL İNŞAAT SANAYİ VE TİCARET A.Ş.,47965824.35,0.3197,150033857.83547077,150033857.83547077,47965824.35,2026-05-10
GSDHO,GSD HOLDİNG A.Ş.,575927119.65,0.5759,1000047090.9011981,1000047090.9011981,575927119.65,2026-05-10
GUBRF,GÜBRE FABRİKALARI T.A.Ş.,70541898.24,0.2112,334005200.0,334005200.0,70541898.24,2026-05-10
GLRYH,GÜLER YATIRIM HOLDİNG A.Ş.,476530758.41,0.7942,600013546.2226139,600013546.2226139,476530758.40999997,2026-05-10
GLRMK,GÜLERMAK AĞIR SANAYİ İNŞAAT VE TAAHHÜT A.Ş.,102942667.25,0.3191,322603156.5340019,322603156.5340019,102942667.25,2026-05-10
GUNDG,GÜNDOĞDU GIDA SÜT ÜRÜNLERİ SANAYİ VE DIŞ TİCARET A.Ş.,6043985.4,0.1549,39018627.501613945,39018627.501613945,6043985.4,2026-05-10
GRSEL,GÜR-SEL TURİZM TAŞIMACILIK VE SERVİS TİCARET A.Ş.,29638907.53,0.2905,102027220.4130809,102027220.4130809,29638907.53,2026-05-10
SAHOL,HACI ÖMER SABANCI HOLDİNG A.Ş.,1125848297.66,0.0536,21004632419.02985,21004632419.02985,1125848297.66,2026-05-10
HLGYO,HALK GAYRİMENKUL YATIRIM ORTAKLIĞI A.Ş.,791992911.38,0.2062,3840896757.4199805,3840896757.4199805,791992911.38,2026-05-10
HRKET,HAREKET PROJE TAŞIMACILIĞI VE YÜK MÜHENDİSLİĞİ A.Ş.,23906865.25,0.2075,115213808.43373494,115213808.43373494,23906865.25,2026-05-10
HATEK,HATEKS HATAY TEKSTİL İŞLETMELERİ A.Ş.,44911565.75,0.7128,63007247.12401796,63007247.12401796,44911565.75,2026-05-10
HATSN,HAT-SAN GEMİ İNŞAA BAKIM ONARIM DENİZ NAKLİYAT SANAYİ VE TİCARET A.Ş.,44275514.23,0.1998,221599170.3203203,221599170.3203203,44275514.23,2026-05-10
HDFGS,HEDEF GİRİŞİM SERMAYESİ YATIRIM ORTAKLIĞI A.Ş.,889433929.26,0.7871,1130013885.4783382,1130013885.4783382,889433929.2600001,2026-05-10
HEDEF,HEDEF HOLDİNG A.Ş.,154908937.06,0.0794,1950994169.5214107,1950994169.5214107,154908937.06,2026-05-10
HEKTS,HEKTAŞ TİCARET T.A.Ş.,3756590761.58,0.4456,8430410147.172352,8430410147.172352,3756590761.58,2026-05-10
HKTM,HİDROPAR HAREKET KONTROL TEKNOLOJİLERİ MERKEZİ SANAYİ VE TİCARET A.Ş.,69575939.52,0.6626,105004436.34168427,105004436.34168427,69575939.52,2026-05-10
HTTBT,HİTİT BİLGİSAYAR HİZMETLERİ A.Ş.,82803210.08,0.0276,3000116307.246377,3000116307.246377,82803210.08,2026-05-10
HOROZ,HOROZ LOJİSTİK KARGO HİZMETLERİ VE TİCARET A.Ş.,21770159.9,0.2405,90520415.38461538,90520415.38461538,21770159.9,2026-05-10
HUBVC,HUB GİRİŞİM SERMAYESİ YATIRIM ORTAKLIĞI A.Ş.,236457417.49,0.8444,280030101.2434865,280030101.2434865,236457417.49000004,2026-05-10
HUNER,HUN YENİLENEBİLİR ENERJİ ÜRETİM A.Ş.,669600952.14,0.6696,1000001421.953405,1000001421.953405,669600952.14,2026-05-10
HURGZ,HÜRRİYET GAZETECİLİK VE MATBAACILIK A.Ş.,110710157.27,0.0187,5920329265.7754,5920329265.7754,110710157.27,2026-05-10
ENTRA,IC ENTERRA YENİLENEBİLİR ENERJİ A.Ş.,369021206.09,0.002,184510603044.99997,184510603044.99997,369021206.09,2026-05-10
ICBCT,ICBC TURKEY BANK A.Ş.,20838667.63,0.0473,440563797.67441857,440563797.67441857,20838667.63,2026-05-10
ICBCT,ICBC TURKEY BANK A.Ş.,61424299.55,0.0714,860284307.4229691,860284307.4229691,61424299.55,2026-05-10
ICUGS,ICU GİRİŞİM SERMAYESİ YATIRIM ORTAKLIĞI A.Ş.,335854988.46,0.9664,347532065.87334436,347532065.87334436,335854988.46,2026-05-10
INGRM,INGRAM MİCRO BİLİŞİM SİSTEMLERİ A.Ş.,2016735.38,0.0084,240087545.23809525,240087545.23809525,2016735.3800000001,2026-05-10
INVEO,INVEO YATIRIM HOLDİNG A.Ş.,189345035.8,0.1893,1000237907.0258849,1000237907.0258849,189345035.8,2026-05-10
INVES,INVESTCO HOLDİNG A.Ş.,37479566.19,0.1998,187585416.36636636,187585416.36636636,37479566.19,2026-05-10
ISKPL,IŞIK PLASTİK SANAYİ VE DIŞ TİCARET PAZARLAMA A.Ş.,651957265.19,0.4346,1500131765.278417,1500131765.278417,651957265.19,2026-05-10
IEYHO,IŞIKLAR ENERJİ VE YAPI HOLDİNG A.Ş.,188798220.47,0.3473,543617104.7221422,543617104.7221422,188798220.47,2026-05-10
IDGYO,İDEALİST GAYRİMENKUL YATIRIM ORTAKLIĞI A.Ş.,114765771.01,0.7651,150001007.72448048,150001007.72448048,114765771.01000002,2026-05-10
IHEVA,İHLAS EV ALETLERİ İMALAT SANAYİ VE TİCARET A.Ş.,253159455.01,0.7222,350539261.9911382,350539261.9911382,253159455.01000002,2026-05-10
IHLGM,İHLAS GAYRİMENKUL PROJE GELİŞTİRME VE TİCARET A.Ş.,749651097.74,0.7496,1000068166.6755602,1000068166.6755602,749651097.74,2026-05-10
IHGZT,İHLAS GAZETECİLİK A.Ş.,475360848.85,0.5942,800001428.5594077,800001428.5594077,475360848.85,2026-05-10
IHAAS,İHLAS HABER AJANSI A.Ş.,56026890.29,0.3437,163011027.9022403,163011027.9022403,56026890.28999999,2026-05-10
IHLAS,İHLAS HOLDİNG A.Ş.,1259693698.15,0.8397,1500171130.3441706,1500171130.3441706,1259693698.15,2026-05-10
IHYAY,İHLAS YAYIN HOLDİNG A.Ş.,332234254.52,0.7382,450059949.2278515,450059949.2278515,332234254.52,2026-05-10
IMASM,İMAŞ MAKİNA SANAYİ A.Ş.,649183720.14,0.7018,925026674.4656597,925026674.4656597,649183720.14,2026-05-10
INDES,İNDEKS BİLGİSAYAR SİSTEMLERİ MÜHENDİSLİK SANAYİ VE TİCARET A.Ş.,459294456.83,0.6123,750113435.9464315,750113435.9464315,459294456.83,2026-05-10
INFO,İNFO YATIRIM MENKUL DEĞERLER A.Ş.,561202080.63,0.5843,960469075.1839807,960469075.1839807,561202080.63,2026-05-10
INTEK,İNNOSA TEKNOLOJİ A.Ş.,2010941.65,0.2513,8002155.391961797,8002155.391961797,2010941.65,2026-05-10
INTEM,İNTEMA İNŞAAT VE TESİSAT MALZEMELERİ YATIRIM VE PAZARLAMA A.Ş.,2459189.82,0.1265,19440235.731225293,19440235.731225293,2459189.82,2026-05-10
ISDMR,İSKENDERUN DEMİR VE ÇELİK A.Ş.,147016990.94,0.0506,2905474129.249012,2905474129.249012,147016990.94,2026-05-10
ISFIN,İŞ FİNANSAL KİRALAMA A.Ş.,270804935.74,0.3894,695441540.1643554,695441540.1643554,270804935.74,2026-05-10
ISGYO,İŞ GAYRİMENKUL YATIRIM ORTAKLIĞI A.Ş.,373458350.99,0.3895,958814765.0577663,958814765.0577663,373458350.99,2026-05-10
ISGSY,İŞ GİRİŞİM SERMAYESİ YATIRIM ORTAKLIĞI A.Ş.,31074217.82,0.3653,85064926.96413906,85064926.96413906,31074217.82,2026-05-10
ISMEN,İŞ YATIRIM MENKUL DEĞERLER A.Ş.,438187237.7,0.2921,1500127482.7114,1500127482.7114,438187237.7,2026-05-10
ISYAT,İŞ YATIRIM ORTAKLIĞI A.Ş.,107946970.76,0.6721,160611472.6380003,160611472.6380003,107946970.76000002,2026-05-10
ISBIR,İŞBİR HOLDİNG A.Ş.,14269293.93,0.4405,32393402.792281497,32393402.792281497,14269293.93,2026-05-10
ISSEN,İŞBİR SENTETİK DOKUMA SANAYİ A.Ş.,82412189.2,0.1941,424586240.08243173,424586240.08243173,82412189.2,2026-05-10
IZINV,İZ YATIRIM HOLDİNG A.Ş.,12273709.87,0.7008,17513855.408105023,17513855.408105023,12273709.87,2026-05-10
IZENR,İZDEMİR ENERJİ ELEKTRİK ÜRETİM A.Ş.,914094179.69,0.0374,24441020847.326202,24441020847.326202,914094179.69,2026-05-10
IZMDC,İZMİR DEMİR ÇELİK SANAYİ A.Ş.,435827458.8,0.2905,1500266639.5869193,1500266639.5869193,435827458.8,2026-05-10
IZFAS,İZMİR FIRÇA SANAYİ VE TİCARET A.Ş.,100514496.74,0.5672,177211736.14245415,177211736.14245415,100514496.74,2026-05-10
JANTS,JANTSA JANT SANAYİ VE TİCARET A.Ş.,119878452.83,0.1712,700224607.6518692,700224607.6518692,119878452.83,2026-05-10
KFEIN,KAFEİN YAZILIM HİZMETLERİ TİCARET A.Ş.,147590129.58,0.7472,197524263.35653108,197524263.35653108,147590129.58,2026-05-10
KLKIM,KALEKİM KİMYEVİ MADDELER SANAYİ VE TİCARET A.Ş.,120020676.83,0.2609,460025591.52932155,460025591.52932155,120020676.83,2026-05-10
KLSER,KALESERAMİK ÇANAKKALE KALEBODUR SERAMİK SANAYİ A.Ş.,109353861.25,0.2124,514848687.6177024,514848687.6177024,109353861.25,2026-05-10
KLYPV,KALYON GÜNEŞ TEKNOLOJİLERİ ÜRETİM A.Ş.,46331531.55,0.1126,411470084.8134991,411470084.8134991,46331531.55,2026-05-10
KAPLM,KAPLAMİN AMBALAJ SANAYİ VE TİCARET A.Ş.,3417707.71,0.1708,20009998.30210773,20009998.30210773,3417707.7100000004,2026-05-10
KRDMB,KARDEMİR KARABÜK DEMİR ÇELİK SANAYİ VE TİCARET A.Ş.,116871709.17,0.9782,119476292.34307913,119476292.34307913,116871709.17,2026-05-10
KRDMA,KARDEMİR KARABÜK DEMİR ÇELİK SANAYİ VE TİCARET A.Ş.,239365942.52,0.0996,2403272515.2610445,2403272515.2610445,239365942.52,2026-05-10
KRDMD,KARDEMİR KARABÜK DEMİR ÇELİK SANAYİ VE TİCARET A.Ş.,725486675.27,0.9298,780260997.2789848,780260997.2789848,725486675.27,2026-05-10
KAREL,KAREL ELEKTRONİK SANAYİ VE TİCARET A.Ş.,329324679.72,0.4086,805983063.4361234,805983063.4361234,329324679.72,2026-05-10
KARSN,KARSAN OTOMOTİV SANAYİİ VE TİCARET A.Ş.,354853061.16,0.3942,900185340.3348554,900185340.3348554,354853061.16,2026-05-10
KRTEK,KARSU TEKSTİL SANAYİİ VE TİCARET A.Ş.,17519996.13,0.4991,35103177.98036466,35103177.98036466,17519996.13,2026-05-10
KARTN,KARTONSAN KARTON SANAYİ VE TİCARET A.Ş.,17010965.83,0.2268,75004258.50970016,75004258.50970016,17010965.83,2026-05-10
KTLEV,KATILIMEVİM TASARRUF FİNANSMAN A.Ş.,414173389.79,0.002,207086694895.0,207086694895.0,414173389.79,2026-05-10
KATMR,KATMERCİLER ARAÇ ÜSTÜ EKİPMAN SANAYİ VE TİCARET A.Ş.,1717283860.05,0.7975,2153333993.793103,2153333993.793103,1717283860.0499997,2026-05-10
KAYSE,KAYSERİ ŞEKER FABRİKASI A.Ş.,828535824.3,0.2761,3000854126.4034767,3000854126.4034767,828535824.3,2026-05-10
KENT,KENT GIDA MADDELERİ SANAYİİ VE TİCARET A.Ş.,1781477.89,0.0053,336127903.7735849,336127903.7735849,1781477.89,2026-05-10
KRVGD,KERVAN GIDA SANAYİ VE TİCARET A.Ş.,595837581.8,0.2758,2160397323.42277,2160397323.42277,595837581.8,2026-05-10
KERVN,KERVANSARAY YATIRIM HOLDİNG A.Ş.,218008726.78,0.3704,588576476.187905,588576476.187905,218008726.78,2026-05-10
TCKRC,KIRAÇ GALVANİZ TELEKOMİNİKASYON METAL MAKİNE İNŞAAT ELEKTRİK SANAYİ VE TİCARET A.Ş.,54880910.91,0.3228,170015213.47583643,170015213.47583643,54880910.91,2026-05-10
KZBGY,KIZILBÜK GAYRİMENKUL YATIRIM ORTAKLIĞI A.Ş.,1391429445.87,0.3478,4000659706.354226,4000659706.354226,1391429445.87,2026-05-10
KLGYO,KİLER GAYRİMENKUL YATIRIM ORTAKLIĞI A.Ş.,643069174.21,0.4609,1395246635.3004992,1395246635.3004992,643069174.21,2026-05-10
KLRHO,KİLER HOLDİNG A.Ş.,341245245.18,0.2099,1625751525.3930442,1625751525.3930442,341245245.18,2026-05-10
KMPUR,KİMTEKS POLİÜRETAN SANAYİ VE TİCARET A.Ş.,128621700.15,0.2645,486282420.2268431,486282420.2268431,128621700.15,2026-05-10
KLMSN,KLİMASAN KLİMA SANAYİ VE TİCARET A.Ş.,25101937.79,0.3169,79210911.29693909,79210911.29693909,25101937.79,2026-05-10
KCAER,KOCAER ÇELİK SANAYİ VE TİCARET A.Ş.,493949961.22,0.2579,1915277088.8716557,1915277088.8716557,493949961.22,2026-05-10
KCHOL,KOÇ HOLDİNG A.Ş.,669021727.28,0.2638,2536094493.100834,2536094493.100834,669021727.28,2026-05-10
KOCMT,KOÇ METALURJİ A.Ş.,587193309.02,0.2348,2500823292.248722,2500823292.248722,587193309.02,2026-05-10
KLSYN,KOLEKSİYON MOBİLYA SANAYİ A.Ş.,107800039.24,0.2498,431545393.2746197,431545393.2746197,107800039.24,2026-05-10
KNFRT,KONFRUT TARIM A.Ş.,59019072.61,0.2235,264067438.97091722,264067438.97091722,59019072.61,2026-05-10
KONTR,KONTROLMATİK TEKNOLOJİ ENERJİ VE MÜHENDİSLİK A.Ş.,1144398680.3,0.8803,1300009860.6156993,1300009860.6156993,1144398680.3,2026-05-10
KONYA,KONYA ÇİMENTO SANAYİİ A.Ş.,777368.62,0.1595,4873784.451410658,4873784.451410658,777368.6199999999,2026-05-10
KONKA,KONYA KAĞIT SANAYİ VE TİCARET A.Ş.,74355107.98,0.1906,390110744.910808,390110744.910808,74355107.98,2026-05-10
KGYO,KORAY GAYRİMENKUL YATIRIM ORTAKLIĞI A.Ş.,218498216.81,0.2184,1000449710.6684982,1000449710.6684982,218498216.81,2026-05-10
KORDS,KORDSA TEKNİK TEKSTİL A.Ş.,55666296.77,0.2861,194569370.04543865,194569370.04543865,55666296.77,2026-05-10
KRPLS,KOROPLAST TEMİZLİK AMBALAJ ÜRÜNLERİ SANAYİ VE DIŞ TİCARET A.Ş.,78461120.73,0.4493,174629692.25461832,174629692.25461832,78461120.73,2026-05-10
KOTON,KOTON MAĞAZACILIK TEKSTİL SANAYİ VE TİCARET A.Ş.,109255092.77,0.1316,830205872.112462,830205872.112462,109255092.77,2026-05-10
KOPOL,KOZA POLYESTER SANAYİ VE TİCARET A.Ş.,266198510.82,0.2052,1297263697.9532163,1297263697.9532163,266198510.82,2026-05-10
KRGYO,KÖRFEZ GAYRİMENKUL YATIRIM ORTAKLIĞI A.Ş.,255299589.07,0.2578,990300966.13654,990300966.13654,255299589.07,2026-05-10
KRSTL,KRİSTAL KOLA VE MEŞRUBAT SANAYİ TİCARET A.Ş.,171670115.26,0.8941,192003260.5525109,192003260.5525109,171670115.26,2026-05-10
KRONT,KRON TEKNOLOJİ A.Ş.,111592039.15,0.6517,171232222.11140096,171232222.11140096,111592039.14999999,2026-05-10
KSTUR,KUŞTUR KUŞADASI TURİZM ENDÜSTRİSİ A.Ş.,516503.89,0.1216,4247564.884868422,4247564.884868422,516503.8900000001,2026-05-10
KUVVA,KUVVA GIDA TİCARET VE SANAYİ YATIRIMLARI A.Ş.,24164630.65,0.7784,31043975.655190133,31043975.655190133,24164630.65,2026-05-10
KUYAS,KUYAŞ YATIRIM A.Ş.,398921265.39,0.9973,400001268.8158027,400001268.8158027,398921265.39,2026-05-10
KBORU,KUZEY BORU A.Ş.,143928587.82,0.2398,600202618.0984153,600202618.0984153,143928587.82,2026-05-10
KZGYO,KUZUGRUP GAYRİMENKUL YATIRIM ORTAKLIĞI A.Ş.,49957236.08,0.2497,200069027.1525831,200069027.1525831,49957236.08,2026-05-10
KUTPO,KÜTAHYA PORSELEN SANAYİ A.Ş.,10302845.95,0.2581,39918039.32584269,39918039.32584269,10302845.95,2026-05-10
KTSKR,KÜTAHYA ŞEKER FABRİKASI A.Ş.,14638349.39,0.3182,46003612.16216217,46003612.16216217,14638349.390000002,2026-05-10
LIDER,LDR TURİZM A.Ş.,254997721.12,0.0309,8252353434.304207,8252353434.304207,254997721.12,2026-05-10
LIDFA,LİDER FAKTORİNG A.Ş.,447930341.05,0.4113,1089059910.162898,1089059910.162898,447930341.04999995,2026-05-10
LILAK,LİLA KAĞIT SANAYİ VE TİCARET A.Ş.,259891168.28,0.4404,590125268.5740236,590125268.5740236,259891168.28,2026-05-10
LMKDC,LİMAK DOĞU ANADOLU ÇİMENTO SANAYİ VE TİCARET A.Ş.,138275495.16,0.2678,516338667.51306945,516338667.51306945,138275495.16,2026-05-10
LINK,LİNK BİLGİSAYAR SİSTEMLERİ YAZILIMI VE DONANIMI SANAYİ VE TİCARET A.Ş.,565256194.2,0.6338,891852625.7494478,891852625.7494478,565256194.2,2026-05-10
LOGO,LOGO YAZILIM SANAYİ VE TİCARET A.Ş.,61262679.33,0.6448,95010358.76240695,95010358.76240695,61262679.330000006,2026-05-10
LKMNH,LOKMAN HEKİM ENGÜRÜSAĞ SAĞLIK TURİZM EĞİTİM HİZMETLERİ VE İNŞAAT TAAHHÜT A.Ş.,154506490.88,0.7153,216002363.87529707,216002363.87529707,154506490.88,2026-05-10
LRSHO,LORAS HOLDİNG A.Ş.,646440116.39,0.8417,768017246.5130093,768017246.5130093,646440116.39,2026-05-10
LXGYO,LUXERA GAYRİMENKUL YATIRIM ORTAKLIĞI A.Ş.,119854175.15,0.3631,330085858.3034977,330085858.3034977,119854175.14999999,2026-05-10
LUKSK,LÜKS KADİFE TİCARET VE SANAYİİ A.Ş.,4748097.95,0.1695,28012377.286135692,28012377.286135692,4748097.95,2026-05-10
LYDHO,LYDİA HOLDİNG A.Ş.,60048387.4,0.1705,352189955.4252199,352189955.4252199,60048387.4,2026-05-10
LYDYE,LYDİA YEŞİL ENERJİ KAYNAKLARI A.Ş.,618338.0,0.3269,1891520.3426124195,1891520.3426124195,618338.0,2026-05-10
MACKO,MACKOLİK İNTERNET HİZMETLERİ TİCARET A.Ş.,30773347.29,0.3077,100010878.4205395,100010878.4205395,30773347.290000003,2026-05-10
MAKIM,MAKİM MAKİNA TEKNOLOJİLERİ SANAYİ VE TİCARET A.Ş.,42556475.06,0.3799,112020202.84285338,112020202.84285338,42556475.06,2026-05-10
MAKTK,MAKİNA TAKIM ENDÜSTRİSİ A.Ş.,104511386.37,0.5225,200021792.0956938,200021792.0956938,104511386.37,2026-05-10
MANAS,MANAS ENERJİ YÖNETİMİ SANAYİ VE TİCARET A.Ş.,306910784.31,0.0927,3310795947.249191,3310795947.249191,306910784.31,2026-05-10
MAGEN,MARGÜN ENERJİ ÜRETİM SANAYİ VE TİCARET A.Ş.,719479244.37,0.2438,2951104365.7506156,2951104365.7506156,719479244.37,2026-05-10
MARKA,MARKA YATIRIM HOLDİNG A.Ş.,20767612.98,0.9894,20990108.126137055,20990108.126137055,20767612.98,2026-05-10
MARMR,MARMARA HOLDİNG A.Ş.,955727329.95,0.3168,3016816066.7613635,3016816066.7613635,955727329.95,2026-05-10
MAALT,MARMARİS ALTINYUNUS TURİSTİK TESİSLER A.Ş.,1638523.12,0.1896,8641999.578059074,8641999.578059074,1638523.1200000003,2026-05-10
MRSHL,MARSHALL BOYA VE VERNİK SANAYİİ A.Ş.,701328.61,0.0637,11009868.288854001,11009868.288854001,701328.61,2026-05-10
MRGYO,MARTI GAYRİMENKUL YATIRIM ORTAKLIĞI A.Ş.,1653638550.9,0.6889,2400404341.559007,2400404341.559007,1653638550.8999999,2026-05-10
MARTI,MARTI OTEL İŞLETMELERİ A.Ş.,1056273915.28,0.7041,1500175991.0240023,1500175991.0240023,1056273915.28,2026-05-10
MTRKS,MATRİKS FİNANSAL TEKNOLOJİLER A.Ş.,40177941.28,0.3997,100520243.3825369,100520243.3825369,40177941.28,2026-05-10
MAVI,MAVİ GİYİM SANAYİ VE TİCARET A.Ş.,576624337.01,0.7257,794576735.5794405,794576735.5794405,576624337.01,2026-05-10
MZHLD,MAZHAR ZORLU HOLDİNG A.Ş.,72071116.67,0.6638,108573541.2322989,108573541.2322989,72071116.67,2026-05-10
MEDTR,MEDİTERA TIBBİ MALZEME SANAYİ VE TİCARET A.Ş.,24495979.98,0.2058,119028085.42274052,119028085.42274052,24495979.98,2026-05-10
MEGMT,MEGA METAL SANAYİ VE TİCARET A.Ş.,85709289.32,0.3234,265025631.78726032,265025631.78726032,85709289.32,2026-05-10
MEGAP,MEGA POLİETİLEN KÖPÜK SANAYİ VE TİCARET A.Ş.,231685842.59,0.8424,275030677.33855647,275030677.33855647,231685842.58999997,2026-05-10
MEKAG,MEKA GLOBAL MAKİNE İMALAT SANAYİ VE TİCARET A.Ş.,295163192.71,0.3689,800117085.1450257,800117085.1450257,295163192.71,2026-05-10
MNDRS,MENDERES TEKSTİL SANAYİ VE TİCARET A.Ş.,137365276.68,0.4953,277337526.10539067,277337526.10539067,137365276.68,2026-05-10
MEPET,MEPET METRO PETROL VE TESİSLERİ SANAYİ TİCARET A.Ş.,38060318.8,0.5051,75352046.7234211,75352046.7234211,38060318.8,2026-05-10
MERCN,MERCAN KİMYA SANAYİ VE TİCARET A.Ş.,74262051.07,0.0039,19041551556.410255,19041551556.410255,74262051.07,2026-05-10
MERIT,MERİT TURİZM YATIRIM VE İŞLETME A.Ş.,90891994.58,0.0027,33663701696.296295,33663701696.296295,90891994.58,2026-05-10
MERKO,MERKO GIDA SANAYİ VE TİCARET A.Ş.,693558279.18,0.8159,850053044.7113616,850053044.7113616,693558279.18,2026-05-10
METRO,METRO TİCARİ VE MALİ YATIRIMLAR HOLDİNG A.Ş.,324726910.58,0.6013,540041427.872942,540041427.872942,324726910.58,2026-05-10
MTRYO,METRO YATIRIM ORTAKLIĞI A.Ş.,39885233.84,0.9496,42002141.78601517,42002141.78601517,39885233.84,2026-05-10
MCARD,METROPAL KURUMSAL HİZMETLER A.Ş.,18895845.53,0.0204,926266937.745098,926266937.745098,18895845.53,2026-05-10
MEYSU,MEYSU GIDA SANAYİ VE TİCARET A.Ş.,174957582.83,0.2011,870002898.2098459,870002898.2098459,174957582.83,2026-05-10
MHRGY,MHR GAYRİMENKUL YATIRIM ORTAKLIĞI A.Ş.,270942616.62,0.2184,1240579746.4285715,1240579746.4285715,270942616.62,2026-05-10
MIATK,MİA TEKNOLOJİ A.Ş.,306053360.35,0.6195,494032865.7788539,494032865.7788539,306053360.35,2026-05-10
MGROS,MİGROS TİCARET A.Ş.,91904513.02,0.5076,181056960.2442868,181056960.2442868,91904513.02,2026-05-10
MSGYO,MİSTRAL GAYRİMENKUL YATIRIM ORTAKLIĞI A.Ş.,141860447.32,0.3019,469892173.964889,469892173.964889,141860447.32,2026-05-10
MPARK,MLP SAĞLIK HİZMETLERİ A.Ş.,79718151.63,0.4173,191033193.45794392,191033193.45794392,79718151.63,2026-05-10
MMCAS,MMC SANAYİ VE TİCARİ YATIRIMLAR A.Ş.,12393310.86,0.9292,13337613.925957812,13337613.925957812,12393310.86,2026-05-10
MOBTL,MOBİLTEL İLETİŞİM HİZMETLERİ SANAYİ VE TİCARET A.Ş.,206979234.95,0.2019,1025157181.5255077,1025157181.5255077,206979234.95,2026-05-10
MOGAN,MOGAN ENERJİ YATIRIM HOLDİNG A.Ş.,260878730.1,0.1069,2440399720.299345,2440399720.299345,260878730.09999996,2026-05-10
MNDTR,MONDİ TURKEY OLUKLU MUKAVVA KAĞIT VE AMBALAJ SANAYİ A.Ş.,160577791.95,0.0153,10495280519.607843,10495280519.607843,160577791.95,2026-05-10
MOPAS,MOPAŞ MARKETÇİLİK GIDA SANAYİ VE TİCARET A.Ş.,57306214.23,0.2099,273016742.4011434,273016742.4011434,57306214.23,2026-05-10
EGEPO,NASMED ÖZEL SAĞLIK HİZMETLERİ TİCARET A.Ş.,104733452.34,0.2094,500159753.29512894,500159753.29512894,104733452.34,2026-05-10
NATEN,NATUREL YENİLENEBİLİR ENERJİ TİCARET A.Ş.,371118072.5,0.4498,825073527.1231658,825073527.1231658,371118072.5,2026-05-10
NTGAZ,NATURELGAZ SANAYİ VE TİCARET A.Ş.,265088758.78,0.3841,690155581.3069513,690155581.3069513,265088758.77999997,2026-05-10
NTHOL,NET HOLDİNG A.Ş.,112886119.97,0.2257,500160035.31236154,500160035.31236154,112886119.97,2026-05-10
NETAS,NETAŞ TELEKOMÜNİKASYON A.Ş.,23936053.79,0.0369,648673544.4444444,648673544.4444444,23936053.79,2026-05-10
NETCD,NETCAD YAZILIM A.Ş.,39979424.96,0.2918,137009681.1514736,137009681.1514736,39979424.96,2026-05-10
NIBAS,NİĞBAŞ NİĞDE BETON SANAYİ VE TİCARET A.Ş.,267597986.46,0.8259,324007732.72793317,324007732.72793317,267597986.45999998,2026-05-10
NUHCM,NUH ÇİMENTO SANAYİ A.Ş.,28471523.4,0.1895,150245506.06860158,150245506.06860158,28471523.4,2026-05-10
NUGYO,NUROL GAYRİMENKUL YATIRIM ORTAKLIĞI A.Ş.,167889376.44,0.5006,335376301.31841785,335376301.31841785,167889376.44,2026-05-10
OBAMS,OBA MAKARNACILIK SANAYİ VE TİCARET A.Ş.,750910192.1,0.0261,28770505444.444443,28770505444.444443,750910192.1,2026-05-10
OBASE,OBASE BİLGİSAYAR VE DANIŞMANLIK HİZMETLERİ TİCARET A.Ş.,15200065.04,0.0334,455091767.66467065,455091767.66467065,15200065.04,2026-05-10
ODAS,ODAŞ ELEKTRİK ÜRETİM SANAYİ TİCARET A.Ş.,1087244432.33,0.7766,1400005707.3525624,1400005707.3525624,1087244432.33,2026-05-10
ODINE,ODİNE SOLUTİONS TEKNOLOJİ TİCARET VE SANAYİ A.Ş.,32339523.51,0.2926,110524687.32057416,110524687.32057416,32339523.51,2026-05-10
OFSYM,OFİS YEM GIDA SANAYİ TİCARET A.Ş.,22730808.41,0.1554,146272898.39124838,146272898.39124838,22730808.41,2026-05-10
ONCSM,ONCOSEM ONKOLOJİK SİSTEMLER SANAYİ VE TİCARET A.Ş.,8651195.33,0.3627,23852206.58946788,23852206.58946788,8651195.33,2026-05-10
ONRYT,ONUR YÜKSEK TEKNOLOJİ A.Ş.,21918613.39,0.3488,62840061.324541286,62840061.324541286,21918613.39,2026-05-10
ORCAY,ORÇAY ORTAKÖY ÇAY SANAYİ VE TİCARET A.Ş.,151072676.02,0.6294,240026495.10645062,240026495.10645062,151072676.02,2026-05-10
ORGE,ORGE ENERJİ ELEKTRİK TAAHHÜT A.Ş.,41812938.97,0.5226,80009450.76540376,80009450.76540376,41812938.970000006,2026-05-10
ORMA,ORMA ORMAN MAHSÜLLERİ İNTEGRE SANAYİ VE TİCARET A.Ş.,3622258.84,0.1331,27214566.7918858,27214566.7918858,3622258.84,2026-05-10
OSMEN,OSMANLI YATIRIM MENKUL DEĞERLER A.Ş.,129696957.44,0.3231,401414291.0554008,401414291.0554008,129696957.44,2026-05-10
OSTIM,OSTİM ENDÜSTRİYEL YATIRIMLAR VE İŞLETME A.Ş.,499854935.21,0.8472,590008186.036355,590008186.036355,499854935.2099999,2026-05-10
OTKAR,OTOKAR OTOMOTİV VE SAVUNMA SANAYİ A.Ş.,32614494.06,0.2717,120038623.70261317,120038623.70261317,32614494.06,2026-05-10
OTTO,OTTO HOLDİNG A.Ş.,4637060.19,0.6073,7635534.645150668,7635534.645150668,4637060.19,2026-05-10
OYAKC,OYAK ÇİMENTO FABRİKALARI A.Ş.,968704532.75,0.1992,4862974561.9979925,4862974561.9979925,968704532.75,2026-05-10
OYYAT,OYAK YATIRIM MENKUL DEĞERLER A.Ş.,91047456.18,0.3034,300090494.99011207,300090494.99011207,91047456.18,2026-05-10
OYAYO,OYAK YATIRIM ORTAKLIĞI A.Ş.,10532539.54,0.5266,20001024.572730724,20001024.572730724,10532539.54,2026-05-10
OYLUM,OYLUM SINAİ YATIRIMLAR A.Ş.,66222851.51,0.0779,850100789.6020539,850100789.6020539,66222851.51,2026-05-10
OZKGY,ÖZAK GAYRİMENKUL YATIRIM ORTAKLIĞI A.Ş.,363847413.17,0.2498,1456554896.5972779,1456554896.5972779,363847413.17,2026-05-10
OZATD,ÖZATA DENİZCİLİK SANAYİ VE TİCARET A.Ş.,15922663.99,0.2231,71370076.15419094,71370076.15419094,15922663.989999998,2026-05-10
OZGYO,ÖZDERİCİ GAYRİMENKUL YATIRIM ORTAKLIĞI A.Ş.,338845150.23,0.3388,1000133265.1416765,1000133265.1416765,338845150.23,2026-05-10
OZRDN,ÖZERDEN AMBALAJ SANAYİ A.Ş.,39646048.92,0.5394,73500276.08453839,73500276.08453839,39646048.92,2026-05-10
OZSUB,ÖZSU BALIK ÜRETİM A.Ş.,42238209.32,0.3519,120029011.9920432,120029011.9920432,42238209.32,2026-05-10
OZYSR,ÖZYAŞAR TEL VE GALVANİZLEME SANAYİ A.Ş.,113725370.52,0.2687,423242912.2441384,423242912.2441384,113725370.52,2026-05-10
PAMEL,PAMEL YENİLENEBİLİR ELEKTRİK ÜRETİM A.Ş.,7424549.89,0.2387,31104105.111018013,31104105.111018013,7424549.89,2026-05-10
PNLSN,PANELSAN ÇATI CEPHE SİSTEMLERİ SANAYİ VE TİCARET A.Ş.,20981374.58,0.2797,75013852.62781551,75013852.62781551,20981374.58,2026-05-10
PAGYO,PANORA GAYRİMENKUL YATIRIM ORTAKLIĞI A.Ş.,32858852.37,0.3776,87020265.81038137,87020265.81038137,32858852.370000005,2026-05-10
PAPIL,PAPİLON SAVUNMA TEKNOLOJİ VE TİCARET A.Ş.,206011842.72,0.9988,206259353.94473368,206259353.94473368,206011842.72,2026-05-10
PRDGS,PARDUS GİRİŞİM SERMAYESİ YATIRIM ORTAKLIĞI A.Ş.,110806982.52,0.5653,196014474.65062797,196014474.65062797,110806982.52,2026-05-10
PRKME,PARK ELEKTRİK ÜRETİM MADENCİLİK SANAYİ VE TİCARET A.Ş.,46839288.13,0.3146,148885213.38207248,148885213.38207248,46839288.13,2026-05-10
PARSN,PARSAN MAKİNA PARÇALARI SANAYİİ A.Ş.,24752680.9,0.2852,86790606.24123421,86790606.24123421,24752680.9,2026-05-10
PASEU,PASİFİK EURASİA LOJİSTİK DIŞ TİCARET A.Ş.,282168049.37,0.4198,672148759.8141972,672148759.8141972,282168049.37,2026-05-10
PSGYO,PASİFİK GAYRİMENKUL YATIRIM ORTAKLIĞI A.Ş.,2952710355.23,0.4278,6902081241.771856,6902081241.771856,2952710355.23,2026-05-10
PAHOL,PASİFİK HOLDİNG A.Ş.,3998665766.42,0.1999,20003330497.348675,20003330497.348675,3998665766.42,2026-05-10
PATEK,PASİFİK TEKNOLOJİ A.Ş.,292894359.17,0.4339,675027331.5740955,675027331.5740955,292894359.17,2026-05-10
PCILT,PC İLETİŞİM VE MEDYA HİZMETLERİ SANAYİ TİCARET A.Ş.,44629407.0,0.0377,1183803899.2042441,1183803899.2042441,44629407.0,2026-05-10
PGSUS,PEGASUS HAVA TAŞIMACILIĞI A.Ş.,231439461.94,0.4628,500085267.80466723,500085267.80466723,231439461.94,2026-05-10
PEKGY,PEKER GAYRİMENKUL YATIRIM ORTAKLIĞI A.Ş.,3968604228.69,0.7937,5000131320.00756,5000131320.00756,3968604228.69,2026-05-10
PENGD,PENGUEN GIDA SANAYİ A.Ş.,134307263.78,0.7674,175015980.9486578,175015980.9486578,134307263.78,2026-05-10
PENTA,PENTA TEKNOLOJİ ÜRÜNLERİ DAĞITIM TİCARET A.Ş.,160630931.09,0.4081,393606790.22298455,393606790.22298455,160630931.09,2026-05-10
PSDTC,PERGAMON STATUS DIŞ TİCARET A.Ş.,5465662.08,0.7361,7425162.450753974,7425162.450753974,5465662.08,2026-05-10
PETKM,PETKİM PETROKİMYA HOLDİNG A.Ş.,1217347047.61,0.4803,2534555585.280033,2534555585.280033,1217347047.61,2026-05-10
PKENT,PETROKENT TURİZM A.Ş.,8117514.95,0.3262,24885085.683629677,24885085.683629677,8117514.95,2026-05-10
PETUN,PINAR ENTEGRE ET VE UN SANAYİİ A.Ş.,100342681.12,0.3307,303425101.6631388,303425101.6631388,100342681.12,2026-05-10
PINSU,PINAR SU VE İÇECEK SANAYİ VE TİCARET A.Ş.,98319743.48,0.3458,284325458.2995952,284325458.2995952,98319743.48,2026-05-10
PNSUT,PINAR SÜT MAMÜLLERİ SANAYİİ A.Ş.,118613917.41,0.3769,314709252.87874764,314709252.87874764,118613917.41,2026-05-10
PKART,PLASTİKKART AKILLI KART İLETİŞİM SİSTEMLERİ SANAYİ VE TİCARET A.Ş.,7657908.43,0.3366,22750767.765894234,22750767.765894234,7657908.43,2026-05-10
PLTUR,PLATFORM TURİZM TAŞIMACILIK GIDA İNŞAAT TEMİZLİK HİZMETLERİ SANAYİ VE TİCARET A.Ş.,49486055.09,0.2021,244859253.29045027,244859253.29045027,49486055.09,2026-05-10
POLHO,POLİSAN HOLDİNG A.Ş.,164047787.47,0.2162,758777925.3931545,758777925.3931545,164047787.47,2026-05-10
POLTK,POLİTEKNİK METAL SANAYİ VE TİCARET A.Ş.,739663.89,0.1972,3750831.085192698,3750831.085192698,739663.89,2026-05-10
PRZMA,PRİZMA PRES MATBAACILIK YAYINCILIK SANAYİ VE TİCARET A.Ş.,55473111.18,0.7162,77454776.8500419,77454776.8500419,55473111.18,2026-05-10
QNBTR,QNB BANK A.Ş.,6685887.02,0.0012,5571572516.666667,5571572516.666667,6685887.02,2026-05-10
QNBFK,QNB FİNANSAL KİRALAMA A.Ş.,14964895.48,0.0059,2536422962.7118645,2536422962.7118645,14964895.48,2026-05-10
QUAGR,QUA GRANITE HAYAL YAPI VE ÜRÜNLERİ SANAYİ TİCARET A.Ş.,1451577541.73,0.5498,2640191963.859586,2640191963.859586,1451577541.73,2026-05-10
RNPOL,RAİNBOW POLİKARBONAT SANAYİ TİCARET A.Ş.,335297355.77,0.5588,600031059.0014317,600031059.0014317,335297355.77000004,2026-05-10
RALYH,RAL YATIRIM HOLDİNG A.Ş.,135928682.44,0.4081,333076898.8973291,333076898.8973291,135928682.44,2026-05-10
RAYSG,RAY SİGORTA A.Ş.,8968770.47,0.0549,163365582.33151186,163365582.33151186,8968770.47,2026-05-10
REEDR,REEDER TEKNOLOJİ SANAYİ VE TİCARET A.Ş.,587494241.79,0.6184,950023030.0614489,950023030.0614489,587494241.79,2026-05-10
RYGYO,REYSAŞ GAYRİMENKUL YATIRIM ORTAKLIĞI A.Ş.,580532550.67,0.2902,2000456756.2715366,2000456756.2715366,580532550.67,2026-05-10
RYSAS,REYSAŞ TAŞIMACILIK VE LOJİSTİK TİCARET A.Ş.,631979776.59,0.3159,2000569093.3523266,2000569093.3523266,631979776.59,2026-05-10
RODRG,RODRİGO TEKSTİL SANAYİ VE TİCARET A.Ş.,16645208.12,0.5873,28341917.452749867,28341917.452749867,16645208.119999997,2026-05-10
RGYAS,RÖNESANS GAYRİMENKUL YATIRIM A.Ş.,52496347.62,0.1585,331207240.50473183,331207240.50473183,52496347.62,2026-05-10
RTALB,RTA LABORATUVARLARI BİYOLOJİK ÜRÜNLER İLAÇ VE MAKİNE SANAYİ TİCARET A.Ş.,422902065.85,0.8458,500002442.4804919,500002442.4804919,422902065.85,2026-05-10
RUBNS,RUBENİS TEKSTİL SANAYİ TİCARET A.Ş.,33744330.59,0.4117,81963397.1095458,81963397.1095458,33744330.59,2026-05-10
RUZYE,RUZY MADENCİLİK VE ENERJİ YATIRIMLARI SANAYİ VE TİCARET A.Ş.,205493633.96,0.7472,275018246.7344754,275018246.7344754,205493633.95999998,2026-05-10
SAFKR,SAFKAR EGE SOĞUTMACILIK KLİMA SOĞUK HAVA TESİSLERİ İHRACAT İTHALAT SANAYİ VE TİCARET A.Ş.,133601754.41,0.0668,2000026263.6227546,2000026263.6227546,133601754.41,2026-05-10
SANEL,SAN-EL MÜHENDİSLİK ELEKTRİK TAAHHÜT SANAYİ VE TİCARET A.Ş.,14884523.73,0.8153,18256499.116889488,18256499.116889488,14884523.73,2026-05-10
SNICA,SANİCA ISI SANAYİ A.Ş.,321416575.68,0.5356,600105630.4705005,600105630.4705005,321416575.68,2026-05-10
SANFM,SANİFOAM ENDÜSTRİ VE TÜKETİM ÜRÜNLERİ SANAYİ TİCARET A.Ş.,223823921.1,0.5968,375040082.272118,375040082.272118,223823921.1,2026-05-10
SANKO,SANKO PAZARLAMA İTHALAT İHRACAT A.Ş.,20225641.29,0.1348,150041849.3323442,150041849.3323442,20225641.29,2026-05-10
SAMAT,SARAY MATBAACILIK KAĞITÇILIK KIRTASİYECİLİK TİCARET VE SANAYİ A.Ş.,99860334.48,0.8884,112404698.87438092,112404698.87438092,99860334.48,2026-05-10
SARKY,SARKUYSAN ELEKTROLİTİK BAKIR SANAYİ VE TİCARET A.Ş.,849319962.51,0.8493,1000023504.6626633,1000023504.6626633,849319962.51,2026-05-10
SASA,SASA POLYESTER SANAYİ A.Ş.,21212169897.73,0.4841,43817744056.45528,43817744056.45528,21212169897.73,2026-05-10
SVGYO,SAVUR GAYRİMENKUL YATIRIM ORTAKLIĞI A.Ş.,295347600.75,0.2727,1083049507.7007701,1083049507.7007701,295347600.75,2026-05-10
SAYAS,SAY YENİLENEBİLİR ENERJİ EKİPMANLARI SANAYİ VE TİCARET A.Ş.,42212081.43,0.5464,77254907.44875549,77254907.44875549,42212081.43,2026-05-10
SDTTR,SDT UZAY VE SAVUNMA TEKNOLOJİLERİ A.Ş.,15984100.61,0.2755,58018514.010889284,58018514.010889284,15984100.61,2026-05-10
SEGMN,SEĞMEN KARDEŞLER GIDA ÜRETİM VE AMBALAJ SANAYİ A.Ş.,47255361.13,0.2639,179065407.84388027,179065407.84388027,47255361.13,2026-05-10
SEKUR,SEKURO PLASTİK AMBALAJ SANAYİ A.Ş.,131059093.77,0.6984,187656205.28350514,187656205.28350514,131059093.77,2026-05-10
SELEC,SELÇUK ECZA DEPOSU TİCARET VE SANAYİ A.Ş.,92579374.07,0.0149,6213380810.067114,6213380810.067114,92579374.07,2026-05-10
SELVA,SELVA GIDA SANAYİ A.Ş.,774017100.65,0.0735,10530844906.802721,10530844906.802721,774017100.65,2026-05-10
SERNT,SERANİT GRANİT SERAMİK SANAYİ VE TİCARET A.Ş.,112469674.59,0.2723,413035896.40102834,413035896.40102834,112469674.59,2026-05-10
SRVGY,SERVET GAYRİMENKUL YATIRIM ORTAKLIĞI A.Ş.,797779048.46,0.2454,3250933367.807661,3250933367.807661,797779048.46,2026-05-10
SEYKM,SEYİTLER KİMYA SANAYİ A.Ş.,150772481.95,0.7538,200016558.7025736,200016558.7025736,150772481.95,2026-05-10
SILVR,SİLVERLİNE ENDÜSTRİ VE TİCARET A.Ş.,199484733.71,0.5699,350034626.6187051,350034626.6187051,199484733.71,2026-05-10
SNGYO,SİNPAŞ GAYRİMENKUL YATIRIM ORTAKLIĞI A.Ş.,2366526779.61,0.5916,4000214299.5436106,4000214299.5436106,2366526779.61,2026-05-10
SKYLP,SKYALP FİNANSAL TEKNOLOJİLER VE DANIŞMANLIK A.Ş.,4986532.66,0.5248,9501777.172256097,9501777.172256097,4986532.66,2026-05-10
SMRTG,SMART GÜNEŞ ENERJİSİ TEKNOLOJİLERİ ARAŞTIRMA GELİŞTİRME ÜRETİM SANAYİ VE TİCARET A.Ş.,663917262.45,0.3652,1817955264.101862,1817955264.101862,663917262.45,2026-05-10
SMART,SMARTİKS YAZILIM A.Ş.,29653116.6,0.9306,31864513.8620245,31864513.8620245,29653116.6,2026-05-10
SODSN,SODAŞ SODYUM SANAYİİ A.Ş.,42877942.38,0.3573,120005436.27204031,120005436.27204031,42877942.38,2026-05-10
SOKE,SÖKE DEĞİRMENCİLİK SANAYİ VE TİCARET A.Ş.,94587723.06,0.2447,386545660.23702496,386545660.23702496,94587723.06,2026-05-10
SKTAS,SÖKTAŞ TEKSTİL SANAYİ VE TİCARET A.Ş.,299487899.61,0.5989,500063282.03372854,500063282.03372854,299487899.61,2026-05-10
SONME,SÖNMEZ FİLAMENT SENTETİK İPLİK VE ELYAF SANAYİ A.Ş.,3976240.04,0.0537,74045438.3612663,74045438.3612663,3976240.04,2026-05-10
SNPAM,SÖNMEZ PAMUKLU SANAYİİ A.Ş.,10744773.54,0.0413,260164008.23244548,260164008.23244548,10744773.54,2026-05-10
SNPAM,SÖNMEZ PAMUKLU SANAYİİ A.Ş.,16105136.13,0.0412,390901362.3786408,390901362.3786408,16105136.13,2026-05-10
SUMAS,SUMAŞ SUNİ TAHTA VE MOBİLYA SANAYİİ A.Ş.,1595774.39,0.2563,6226197.385875927,6226197.385875927,1595774.39,2026-05-10
SUNTK,SUN TEKSTİL SANAYİ VE TİCARET A.Ş.,145272434.46,0.0306,4747465178.431373,4747465178.431373,145272434.46,2026-05-10
SURGY,SUR TATİL EVLERİ GAYRİMENKUL YATIRIM ORTAKLIĞI A.Ş.,44986653.51,0.2685,167548057.7653631,167548057.7653631,44986653.51,2026-05-10
SUWEN,SUWEN TEKSTİL SANAYİ PAZARLAMA A.Ş.,362936052.99,0.6481,560000081.7620738,560000081.7620738,362936052.99,2026-05-10
SMRVA,SÜMER VARLIK YÖNETİM A.Ş.,159869861.69,0.2664,600112093.4309309,600112093.4309309,159869861.69,2026-05-10
SEKFK,ŞEKER FİNANSAL KİRALAMA A.Ş.,51000442.71,0.0051,10000086805.882353,10000086805.882353,51000442.71,2026-05-10
SEGYO,ŞEKER GAYRİMENKUL YATIRIM ORTAKLIĞI A.Ş.,202995165.0,0.2495,813607875.751503,813607875.751503,202995165.0,2026-05-10
SKYMD,ŞEKER YATIRIM MENKUL DEĞERLER A.Ş.,52462797.62,0.3384,155031907.8605201,155031907.8605201,52462797.62,2026-05-10
SKBNK,ŞEKERBANK T.A.Ş.,1246007595.64,0.4984,2500015240.0481544,2500015240.0481544,1246007595.64,2026-05-10
SOKM,ŞOK MARKETLER TİCARET A.Ş.,271310875.86,0.4572,593418363.648294,593418363.648294,271310875.86,2026-05-10
TABGD,TAB GIDA SANAYİ VE TİCARET A.Ş.,52478450.88,0.2008,261346866.9322709,261346866.9322709,52478450.88,2026-05-10
TNZTP,TAPDİ OKSİJEN ÖZEL SAĞLIK VE EĞİTİM HİZMETLERİ SANAYİ TİCARET A.Ş.,87081528.79,0.2177,400007022.46210384,400007022.46210384,87081528.79,2026-05-10
TARKM,TARKİM BİTKİ KORUMA SANAYİ VE TİCARET A.Ş.,4996766.73,0.2379,21003643.253467847,21003643.253467847,4996766.73,2026-05-10
TATGD,TAT GIDA SANAYİ A.Ş.,106902306.75,0.4366,244851824.89693084,244851824.89693084,106902306.75,2026-05-10
TATEN,TATLIPINAR ENERJİ ÜRETİM A.Ş.,381140570.95,0.3396,1122322058.1566548,1122322058.1566548,381140570.95,2026-05-10
TAVHL,TAV HAVALİMANLARI HOLDİNG A.Ş.,180398281.98,0.4965,363339943.56495464,363339943.56495464,180398281.98,2026-05-10
TEKTU,TEK-ART İNŞAAT TİCARET TURİZM SANAYİ VE YATIRIMLAR A.Ş.,195317967.32,0.0651,3000275995.6989245,3000275995.6989245,195317967.32,2026-05-10
TKFEN,TEKFEN HOLDİNG A.Ş.,78404100.0,0.2119,370005191.1278905,370005191.1278905,78404100.0,2026-05-10
TKNSA,TEKNOSA İÇ VE DIŞ TİCARET A.Ş.,100409079.51,0.4995,201019178.1981982,201019178.1981982,100409079.51,2026-05-10
TMPOL,TEMAPOL POLİMER PLASTİK VE İNŞAAT SANAYİ TİCARET A.Ş.,5514890.62,0.0389,141770967.0951157,141770967.0951157,5514890.62,2026-05-10
TRHOL,TERA FİNANSAL YATIRIMLAR HOLDİNG A.Ş.,11683163.63,0.3894,30002988.26399589,30002988.26399589,11683163.63,2026-05-10
TERA,TERA YATIRIM MENKUL DEĞERLER A.Ş.,240869975.8,0.0344,7002034180.232558,7002034180.232558,240869975.8,2026-05-10
TEHOL,TERA YATIRIM TEKNOLOJİ HOLDİNG A.Ş.,1559092403.12,0.7811,1996021512.1239276,1996021512.1239276,1559092403.12,2026-05-10
TGSAS,TGS DIŞ TİCARET A.Ş.,11790769.74,0.0786,150009793.129771,150009793.129771,11790769.74,2026-05-10
TOASO,TOFAŞ TÜRK OTOMOBİL FABRİKASI A.Ş.,120541476.16,0.0241,5001721002.489627,5001721002.489627,120541476.16000001,2026-05-10
TRGYO,TORUNLAR GAYRİMENKUL YATIRIM ORTAKLIĞI A.Ş.,207015706.7,0.0207,10000758777.777777,10000758777.777777,207015706.7,2026-05-10
TRMET,TR ANADOLU METAL MADENCİLİK İŞLETMELERİ A.Ş.,160344099.2,0.4131,388148388.2837085,388148388.2837085,160344099.2,2026-05-10
TRENJ,TR DOĞAL ENERJİ KAYNAKLARI ARAŞTIRMA VE ÜRETİM A.Ş.,87197784.38,0.3356,259826532.71752083,259826532.71752083,87197784.38,2026-05-10
TLMAN,TRABZON LİMAN İŞLETMECİLİĞİ A.Ş.,8271401.88,0.3938,21004067.75012697,21004067.75012697,8271401.88,2026-05-10
TSPOR,TRABZONSPOR SPORTİF YATIRIM VE FUTBOL İŞLETMECİLİĞİ TİCARET A.Ş.,3669804746.79,0.4893,7500111887.982832,7500111887.982832,3669804746.79,2026-05-10
TDGYO,TREND GAYRİMENKUL YATIRIM ORTAKLIĞI A.Ş.,61977680.78,0.8982,69002093.94344245,69002093.94344245,61977680.78000001,2026-05-10
TSGYO,TSKB GAYRİMENKUL YATIRIM ORTAKLIĞI A.Ş.,73995858.21,0.1138,650227225.0439367,650227225.0439367,73995858.21,2026-05-10
TUCLK,TUĞÇELİK ALÜMİNYUM VE METAL MAMÜLLERİ SANAYİ VE TİCARET A.Ş.,282671031.07,0.7851,360044619.88281745,360044619.88281745,282671031.07,2026-05-10
TUKAS,TUKAŞ GIDA SANAYİ VE TİCARET A.Ş.,2538714806.65,0.5641,4500469432.104237,4500469432.104237,2538714806.65,2026-05-10
TRCAS,TURCAS HOLDİNG A.Ş.,71416034.34,0.2794,255604990.47959918,255604990.47959918,71416034.34,2026-05-10
TUREX,TUREKS TURİZM TAŞIMACILIK A.Ş.,431595483.12,0.3996,1080068776.5765765,1080068776.5765765,431595483.11999995,2026-05-10
MARBL,TUREKS TURUNÇ MADENCİLİK İÇ VE DIŞ TİCARET A.Ş.,60027431.88,0.2625,228675930.97142857,228675930.97142857,60027431.88,2026-05-10
TRILC,TURK İLAÇ VE SERUM SANAYİ A.Ş.,638991903.45,0.6161,1037156149.0829412,1037156149.0829412,638991903.45,2026-05-10
TCELL,TURKCELL İLETİŞİM HİZMETLERİ A.Ş.,948922467.31,0.4313,2200144834.940876,2200144834.940876,948922467.3099998,2026-05-10
TMSN,TÜMOSAN MOTOR VE TRAKTÖR SANAYİ A.Ş.,32984010.43,0.2868,115007009.86750348,115007009.86750348,32984010.429999996,2026-05-10
TUPRS,TÜPRAŞ-TÜRKİYE PETROL RAFİNERİLERİ A.Ş.,936391038.05,0.4859,1927127059.168553,1927127059.168553,936391038.05,2026-05-10
TRALT,TÜRK ALTIN İŞLETMELERİ A.Ş.,948304181.1,0.2961,3202648365.7548127,3202648365.7548127,948304181.0999999,2026-05-10
THYAO,TÜRK HAVA YOLLARI A.O.,695893001.46,0.5042,1380192386.8702898,1380192386.8702898,695893001.46,2026-05-10
PRKAB,TÜRK PRYSMİAN KABLO VE SİSTEMLERİ A.Ş.,35085081.98,0.1618,216842286.6501854,216842286.6501854,35085081.98,2026-05-10
TTKOM,TÜRK TELEKOMÜNİKASYON A.Ş.,466034744.29,0.1331,3501388011.1945906,3501388011.1945906,466034744.28999996,2026-05-10
TTRAK,TÜRK TRAKTÖR VE ZİRAAT MAKİNELERİ A.Ş.,24958854.84,0.2494,100075600.80192462,100075600.80192462,24958854.84,2026-05-10
TBORG,TÜRK TUBORG BİRA VE MALT SANAYİİ A.Ş.,16158305.05,0.0501,322521058.8822355,322521058.8822355,16158305.049999999,2026-05-10
TURGG,TÜRKER PROJE GAYRİMENKUL VE YATIRIM GELİŞTİRME A.Ş.,29904959.48,0.2333,128182423.831976,128182423.831976,29904959.48,2026-05-10
GARAN,TÜRKİYE GARANTİ BANKASI A.Ş.,587342664.57,0.1398,4201306613.5193133,4201306613.5193133,587342664.57,2026-05-10
HALKB,TÜRKİYE HALK BANKASI A.Ş.,606289471.69,0.0843,7192045927.52076,7192045927.52076,606289471.69,2026-05-10
ISATR,TÜRKİYE İŞ BANKASI A.Ş.,23916.0,0.2391,100025.09410288582,100025.09410288582,23916.0,2026-05-10
ISKUR,TÜRKİYE İŞ BANKASI A.Ş.,70099.0,0.2851,245875.1315327955,245875.1315327955,70099.0,2026-05-10
ISBTR,TÜRKİYE İŞ BANKASI A.Ş.,7434.05,0.2563,29005.26726492392,29005.26726492392,7434.05,2026-05-10
ISCTR,TÜRKİYE İŞ BANKASI A.Ş.,8078516784.35,0.3231,25003146964.87156,25003146964.87156,8078516784.35,2026-05-10
KLNMA,TÜRKİYE KALKINMA VE YATIRIM BANKASI A.Ş.,91643961.86,0.0091,10070765039.560438,10070765039.560438,91643961.85999998,2026-05-10
TSKB,TÜRKİYE SINAİ KALKINMA BANKASI A.Ş.,1153530118.02,0.4119,2800510119.0094686,2800510119.0094686,1153530118.02,2026-05-10
TURSG,TÜRKİYE SİGORTA A.Ş.,1888273123.94,0.1888,10001446631.038136,10001446631.038136,1888273123.94,2026-05-10
SISE,TÜRKİYE ŞİŞE VE CAM FABRİKALARI A.Ş.,1442740652.67,0.4709,3063794123.317053,3063794123.317053,1442740652.67,2026-05-10
VAKBN,TÜRKİYE VAKIFLAR BANKASI T.A.O.,739329503.04,0.0745,9923885946.845638,9923885946.845638,739329503.04,2026-05-10
UFUK,UFUK YATIRIM YÖNETİM VE GAYRİMENKUL A.Ş.,17340672.85,0.3701,46854020.129694685,46854020.129694685,17340672.85,2026-05-10
ULAS,ULAŞLAR TURİZM ENERJİ TARIM GIDA VE İNŞAAT YATIRIMLARI A.Ş.,21927816.4,0.8639,25382354.90218775,25382354.90218775,21927816.4,2026-05-10
ULUFA,ULUSAL FAKTORİNG A.Ş.,305168997.27,0.5651,540026539.1435144,540026539.1435144,305168997.27,2026-05-10
ULUSE,ULUSOY ELEKTRİK İMALAT TAAHHÜT VE TİCARET A.Ş.,5044705.41,0.0063,800746890.4761904,800746890.4761904,5044705.41,2026-05-10
ULUUN,ULUSOY UN SANAYİ VE TİCARET A.Ş.,290342320.01,0.3871,750044742.9863085,750044742.9863085,290342320.01,2026-05-10
UMPAS,UMPAŞ HOLDİNG A.Ş.,18077828.37,0.4304,42002389.33550186,42002389.33550186,18077828.37,2026-05-10
USAK,UŞAK SERAMİK SANAYİ A.Ş.,1901137158.11,0.7759,2450234770.086351,2450234770.086351,1901137158.1099997,2026-05-10
UCAYM,ÜÇAY MÜHENDİSLİK ENERJİ VE İKLİMLENDİRME TEKNOLOJİLERİ A.Ş.,59973054.38,0.2665,225039603.6772983,225039603.6772983,59973054.38,2026-05-10
ULKER,ÜLKER BİSKÜVİ SANAYİ A.Ş.,151341321.67,0.4098,369305323.74328935,369305323.74328935,151341321.67,2026-05-10
UNLU,ÜNLÜ YATIRIM HOLDİNG A.Ş.,61790185.98,0.3516,175740005.6313993,175740005.6313993,61790185.98,2026-05-10
VAKFA,VAKIF FAKTORİNG A.Ş.,214163388.51,0.2379,900224415.7629255,900224415.7629255,214163388.51,2026-05-10
VAKFN,VAKIF FİNANSAL KİRALAMA A.Ş.,1822496947.38,0.3644,5001363741.437981,5001363741.437981,1822496947.38,2026-05-10
VKGYO,VAKIF GAYRİMENKUL YATIRIM ORTAKLIĞI A.Ş.,923632811.94,0.2677,3450253313.186403,3450253313.186403,923632811.94,2026-05-10
VKFYO,VAKIF MENKUL KIYMET YATIRIM ORTAKLIĞI A.Ş.,14482724.13,0.4827,30003571.845867,30003571.845867,14482724.13,2026-05-10
VAKKO,VAKKO TEKSTİL VE HAZIR GİYİM SANAYİ İŞLETMELERİ A.Ş.,21203832.71,0.1325,160028926.11320755,160028926.11320755,21203832.71,2026-05-10
VANGD,VANET GIDA SANAYİ İÇ VE DIŞ TİCARET A.Ş.,22838174.31,0.9135,25000738.16091954,25000738.16091954,22838174.31,2026-05-10
VBTYZ,VBT YAZILIM A.Ş.,53015428.33,0.4531,117006021.47428823,117006021.47428823,53015428.33,2026-05-10
VRGYO,VERA KONSEPT GAYRİMENKUL YATIRIM ORTAKLIĞI A.Ş.,595015663.68,0.7256,820032612.5689083,820032612.5689083,595015663.68,2026-05-10
VERUS,VERUSA HOLDİNG A.Ş.,14765975.11,0.2109,70014106.73304884,70014106.73304884,14765975.110000001,2026-05-10
VERTU,VERUSATURK GİRİŞİM SERMAYESİ YATIRIM ORTAKLIĞI A.Ş.,18911757.66,0.3636,52012534.818481855,52012534.818481855,18911757.66,2026-05-10
VESBE,VESTEL BEYAZ EŞYA SANAYİ VE TİCARET A.Ş.,362494018.28,0.2265,1600415091.7439291,1600415091.7439291,362494018.28,2026-05-10
VESTL,VESTEL ELEKTRONİK SANAYİ VE TİCARET A.Ş.,158334035.97,0.4719,335524551.74825174,335524551.74825174,158334035.97,2026-05-10
VKING,VİKİNG KAĞIT VE SELÜLOZ A.Ş.,17260149.58,0.4109,42005718.1309321,42005718.1309321,17260149.58,2026-05-10
VSNMD,VİŞNE MADENCİLİK ÜRETİM SANAYİ VE TİCARET A.Ş.,23989622.31,0.0205,1170225478.5365853,1170225478.5365853,23989622.31,2026-05-10
YKBNK,YAPI VE KREDİ BANKASI A.Ş.,3256848035.45,0.3855,8448373632.814526,8448373632.814526,3256848035.45,2026-05-10
YAPRK,YAPRAK SÜT VE BESİ ÇİFTLİKLERİ SANAYİ VE TİCARET A.Ş.,83386094.41,0.2796,298233527.9327611,298233527.9327611,83386094.41,2026-05-10
YATAS,YATAŞ YATAK VE YORGAN SANAYİ TİCARET A.Ş.,88410493.8,0.5901,149822900.8642603,149822900.8642603,88410493.79999998,2026-05-10
YYLGD,YAYLA AGRO GIDA SANAYİ VE TİCARET A.Ş.,337114009.36,0.3101,1087113864.4308288,1087113864.4308288,337114009.36,2026-05-10
YAYLA,YAYLA ENERJİ ÜRETİM TURİZM VE İNŞAAT TİCARET A.Ş.,37058228.95,0.0743,498764858.00807536,498764858.00807536,37058228.95,2026-05-10
YGGYO,YENİ GİMAT GAYRİMENKUL YATIRIM ORTAKLIĞI A.Ş.,199070277.34,0.8228,241942485.828877,241942485.828877,199070277.34,2026-05-10
YEOTK,YEO TEKNOLOJİ ENERJİ VE ENDÜSTRİ A.Ş.,128889366.65,0.0363,3550671257.575758,3550671257.575758,128889366.65,2026-05-10
YYAPI,YEŞİL YAPI ENDÜSTRİSİ A.Ş.,1420304857.22,0.0833,17050478478.031214,17050478478.031214,1420304857.22,2026-05-10
YESIL,YEŞİL YATIRIM HOLDİNG A.Ş.,592507904.48,0.9186,645011870.7598519,645011870.7598519,592507904.48,2026-05-10
YBTAS,YİBİTAŞ YOZGAT İŞÇİ BİRLİĞİ İNŞAAT MALZEMELERİ TİCARET VE SANAYİ A.Ş.,29259813.93,0.0975,300100655.69230765,300100655.69230765,29259813.929999996,2026-05-10
YIGIT,YİĞİT AKÜ MALZEMELERİ NAKLİYAT TURİZM İNŞAAT SANAYİ VE TİCARET A.Ş.,89693885.7,0.2984,300582726.8766756,300582726.8766756,89693885.7,2026-05-10
YONGA,YONGA MOBİLYA SANAYİ VE TİCARET A.Ş.,5758186.86,0.3427,16802412.780857895,16802412.780857895,5758186.86,2026-05-10
YKSLN,YÜKSELEN ÇELİK A.Ş.,195421848.03,0.3908,500055905.9109519,500055905.9109519,195421848.03,2026-05-10
YUNSA,YÜNSA YÜNLÜ SANAYİ VE TİCARET A.Ş.,200327110.35,0.4173,480055380.66139466,480055380.66139466,200327110.35,2026-05-10
ZGYO,Z GAYRİMENKUL YATIRIM ORTAKLIĞI A.Ş.,50156753.95,0.2382,210565717.67422336,210565717.67422336,50156753.95,2026-05-10
ZEDUR,ZEDUR ENERJİ ELEKTRİK ÜRETİM A.Ş.,69856915.03,0.3997,174773367.60070053,174773367.60070053,69856915.03,2026-05-10
ZERGY,ZERAY GAYRİMENKUL YATIRIM ORTAKLIĞI A.Ş.,116592759.87,0.1862,626169494.4683137,626169494.4683137,116592759.87000002,2026-05-10
ZRGYO,ZİRAAT GAYRİMENKUL YATIRIM ORTAKLIĞI A.Ş.,888937889.25,0.1893,4695921232.171157,4695921232.171157,888937889.25,2026-05-10
ZOREN,ZORLU ENERJİ ELEKTRİK ÜRETİM A.Ş.,1867056683.59,0.3734,5000151803.936796,5000151803.936796,1867056683.5899997,2026-05-10
BINHO,1000 YATIRIMLAR HOLDİNG A.Ş.,488633273.3,0.3787,1290291189.067864,1290291189.067864,488633273.3000001,2026-05-10
